;LOPE_AmorConVista(1626)cate;LOPE_AmorPleitoYDesafio(1621)cate;LOPE_AyVerdadesQueEnAmor(1625)cate;LOPE_BastardoMudarra(1612)cate;LOPE_BatallaDelHonor(1608)cate;LOPE_Benavides(1600)cate;LOPE_BizarriasDeBelisa(1634)cate;LOPE_BrasilRestituido(1625)cate;LOPE_BuenaGuarda(1610)cate;LOPE_BurgalesaDeLerma(1613)cate;LOPE_CaballeroDelSacramento(1610)cate;LOPE_CardenalDeBelen(1610)cate;LOPE_CarlosQuintoEnFrancia(1604)cate;LOPE_CastigoSinVenganza(1631)cate;LOPE_CoronaDeHungria(1623)cate;LOPE_CoronaMerecida(1603)cate;LOPE_CuerdoLoco(1602)cate;LOPE_DamaBoba(1613)cate;LOPE_DelMonteSale(1627)cate;LOPE_DesdenVengado(1617)cate;LOPE_DiscordiaEnLosCasados(1611)cate;LOPE_EstefaniaLaDesdichada(1604)cate;LOPE_FavorAgradecido(1593)cate;LOPE_GalanDeLaMembrilla(1615)cate;LOPE_HermosaEster(1610)cate;LOPE_LoQuePasaEnUnaTarde(1617)cate;LOPE_MarquesDeLasNavas(1624)cate;LOPE_MasPuedenCelos(1627)cate;LOPE_MayorVictoriaDeAlemania(1622)cate;LOPE_NinezDelPadreRojas(1625)cate;LOPE_PedroCarbonero(1603)cate;LOPE_PoderEnElDiscreto(1623)cate;LOPE_PrincipeDespenado(1602)cate;LOPE_PruebaDeLosAmigos(1604)cate;LOPE_QuienMasNoPuede(1616)cate;LOPE_SantiagoElVerde(1615)cate;LOPE_SembrarEnBuenaTierra(1616)cate;LOPE_SinSecretoNoHayAmor(1626)cate
sp;11,010830;11,607669;11,300854;11,773682;11,008286;11,147134;12,717708;13,183060;11,256987;12,170512;11,653873;13,095973;12,745913;11,313631;11,513009;11,182068;11,136680;10,932636;11,178687;10,733644;11,832801;12,441458;11,467136;11,533806;12,214884;10,998562;11,510232;12,410033;12,106674;11,535530;11,643930;11,136845;10,886873;10,707233;10,945625;10,915118;11,061766;11,287167
ncms000;8,102688;8,682850;7,641530;8,599854;8,613077;10,698655;8,338665;9,895833;8,683219;8,661640;9,592083;10,461686;10,376836;9,028772;8,399759;9,489750;9,410767;8,448512;8,422027;8,660028;8,810462;9,366728;9,870892;9,216670;10,226731;8,541367;8,876608;9,814613;9,524481;8,410265;9,859446;9,085495;9,948775;8,072081;8,955511;8,736830;8,212626;9,598331
nc000;8,938361;9,788654;9,413791;9,716797;8,933648;7,353974;9,618255;9,520150;8,267256;8,627629;9,376388;8,911299;8,277916;8,937638;9,347270;9,144901;8,393387;8,193251;9,228532;8,407916;8,779175;9,536415;8,415493;8,156090;8,687955;8,116586;8,522580;8,964013;9,757302;10,154993;9,625189;8,079672;9,269888;7,498149;9,700199;8,369835;9,319486;7,792123
cs;5,809600;5,385068;5,158929;4,632568;5,165427;5,208840;4,926424;3,722678;5,063044;5,203787;4,770665;4,122933;4,253256;5,376904;4,714995;4,840667;4,596379;5,204831;5,473656;5,685113;4,768162;4,513677;4,606808;5,222203;4,813781;5,417592;4,395130;5,030898;4,846903;4,997036;4,127050;5,472472;4,579399;4,579116;5,199974;5,368770;5,206341;5,196922
rg;4,058029;3,991363;4,570568;4,022217;5,038408;3,901227;4,194213;3,679986;4,380606;4,325152;3,952293;3,491802;3,685231;4,302825;4,241239;4,259531;4,136135;4,675632;4,343227;4,613639;4,111132;4,228602;4,284038;4,305724;3,676721;4,234741;4,749158;3,874955;4,099055;4,031507;3,830784;4,102700;4,147380;5,362873;4,256275;4,469042;4,714403;4,381847
cc;3,864153;3,762350;3,228815;3,686523;3,399262;4,301075;3,888533;3,901981;4,211621;3,939686;3,882510;4,136654;3,927681;4,061971;3,850203;3,889137;4,021074;3,766654;3,107027;3,825791;3,973468;3,753479;4,753521;3,648625;4,044393;3,594301;3,617995;4,340240;4,007337;3,743542;3,651647;3,606406;3,505524;3,610220;3,948129;3,865278;3,826182;3,931925
vmip3s0;3,803984;3,173461;3,867403;3,643799;3,907337;3,366294;3,909860;3,406762;3,880151;3,610906;3,590687;3,382040;3,338875;3,437052;3,624605;4,227601;3,639557;4,576018;3,986250;4,279592;3,760716;3,325867;3,433099;3,850366;4,098863;3,868775;3,989293;3,569611;3,337096;3,684255;3,989252;4,188724;3,412948;4,572945;3,973808;3,545638;3,976496;4,192749
da0ms0;2,500334;2,702349;2,418024;3,186035;3,320631;3,625655;2,971494;3,586066;2,690758;2,681254;3,806382;3,779927;3,796065;3,567244;3,060611;3,212210;3,512384;2,820321;3,067363;2,981218;3,172517;3,061155;3,515258;3,187504;4,221420;2,346099;2,754512;3,845874;3,576972;2,625561;3,376051;3,096877;3,616614;2,598124;3,318996;2,657748;2,514348;3,195097
vmn0000;3,182244;3,029510;3,975030;2,557373;2,866993;2,847571;3,149214;2,740779;2,716755;2,771952;2,727907;1,907114;2,521474;2,987892;2,872612;2,669391;2,676679;3,112937;3,073974;3,668221;2,991052;2,382407;2,840376;3,256672;2,750732;3,091099;3,428029;2,675391;2,553972;2,888117;3,844564;3,579936;2,573597;2,795606;2,940232;3,575234;3,218092;3,651539
ncmp000;2,199492;2,277040;2,418024;3,240967;2,455695;2,069487;2,971494;2,766393;2,534772;3,219772;2,150606;2,627427;3,124134;2,375993;3,075650;2,094642;2,313329;2,459221;2,333576;2,388756;2,915963;2,511369;1,924883;2,858954;2,812011;2,823160;2,331405;2,311887;2,977282;2,540866;2,783519;1,991795;1,888539;2,400642;2,150607;2,551202;2,623668;2,021388
da00;2,513705;2,420991;2,296046;2,673340;2,213754;1,869563;2,871970;2,996926;2,287794;2,511196;2,658123;2,654867;2,098919;2,317407;2,797413;2,413947;2,482892;2,104346;2,545118;1,701752;2,978537;2,171995;2,153756;2,714854;2,737114;2,221932;2,780416;2,646310;3,125441;2,710257;2,590602;1,819746;2,369931;2,184646;2,426655;2,065822;2,138562;2,210485
pr0cn00;2,720952;2,362102;2,877233;2,056885;2,243997;2,361269;2,409896;2,723702;2,534772;2,256108;2,283829;2,449064;2,050429;2,577789;2,474056;2,560828;2,301217;2,135475;2,360019;2,357242;2,578061;2,226295;2,130282;2,322900;2,233268;2,444125;2,555911;2,326427;1,982503;2,439231;2,411465;2,355744;2,388447;2,851148;2,375297;2,468332;2,473353;2,249609
rn;2,446851;2,087287;2,891584;1,800537;2,322627;1,977630;2,068671;1,400273;1,995320;1,813956;2,061790;1,200521;1,572458;2,213253;2,233419;1,979692;1,647187;2,203960;2,353408;2,817345;1,952318;1,832621;1,901408;1,879071;1,715803;2,176186;2,270961;1,817521;1,707351;2,041162;2,025630;2,580731;1,900883;2,085905;2,041471;1,917841;2,090735;2,380021
vmip1s0;1,651290;2,048027;1,951640;1,843262;1,971814;2,004647;1,535509;1,502732;1,826336;1,813956;1,782656;1,406325;1,724855;2,050514;1,774703;1,654001;2,083207;1,905118;1,725392;2,451784;1,714536;1,825833;2,124413;2,109632;1,559202;1,849431;2,210517;1,584878;1,453365;1,914119;1,536448;2,779248;1,802135;2,104419;1,765423;2,190127;2,247882;2,040949
aq0ms00;1,243482;1,334816;1,212600;1,849365;1,385109;2,409899;1,286699;2,245560;1,579358;1,502182;1,681152;2,750909;2,050429;1,627392;1,646864;1,570982;2,004481;1,550243;1,705560;1,581999;1,651962;1,554334;2,235915;1,734970;1,743038;1,699124;1,606079;1,650309;2,321151;1,549928;1,805154;1,422710;1,900883;2,166132;1,662708;1,675151;1,865264;1,760563
vmp00sm;1,758256;1,557286;1,427854;1,666260;1,360915;1,939807;1,194284;1,331967;1,345379;1,349130;1,617712;1,612129;1,420061;1,490691;1,346067;1,673159;1,707745;1,232723;1,480796;1,430732;1,676991;1,832621;1,678404;1,521702;1,191530;1,444256;1,545635;1,679389;1,432200;1,126450;1,391760;1,574907;1,654015;1,511972;1,380240;1,550846;1,516808;1,780125
aq000;1,283594;0,948767;1,506781;1,525879;1,754068;1,048252;1,890950;1,588115;2,131808;1,405816;1,357610;2,051177;1,191466;1,334462;1,278388;1,487962;1,217223;1,768148;1,599788;1,172318;1,445466;1,255685;1,555164;0,910715;1,504732;1,849431;1,260686;1,388586;1,523917;1,981875;1,185063;1,191106;2,018145;1,314490;1,592091;1,515331;1,537305;1,128065
pp1cs00;1,490841;1,622718;1,765086;1,556396;1,330672;1,334630;1,400441;0,870902;1,397374;1,320787;1,065787;0,857515;1,163757;1,562297;1,143029;1,168657;1,120329;1,575146;1,573346;1,222740;1,082536;1,248897;1,203052;1,394893;0,837475;1,326624;1,571540;1,468557;1,192324;1,050224;1,102384;1,832980;1,123249;1,092323;1,110612;1,610039;1,250342;1,414971
vsip3s0;1,203369;1,360989;1,262826;0,939941;1,463739;1,518344;1,052108;0,794057;1,247888;1,111048;1,179978;0,905536;0,990579;1,158703;1,030230;1,615684;1,265669;1,525339;0,965162;1,487457;1,019961;1,337134;1,543427;1,291141;1,055355;1,208992;1,165702;1,068702;0,832510;1,092572;1,171283;1,323452;1,302228;1,740311;1,438018;1,450219;1,373326;1,095462
aq0cs00;1,076347;1,518027;1,004520;1,293945;1,469788;1,048252;1,130305;1,536885;1,026908;0,799274;1,218042;1,406325;1,440842;1,158703;0,992630;1,155885;1,326228;1,033495;1,176704;1,109290;1,007446;1,371072;1,244131;1,008704;1,538776;1,548817;1,269320;1,228644;1,460420;1,549928;1,219512;1,052144;1,400975;1,030610;1,161970;1,000355;1,072697;1,049817
vmsp3s0;0,969381;1,001112;1,033221;0,927734;1,227847;1,177933;1,329352;0,879440;1,065904;0,651890;0,799340;1,083899;0,928235;1,113136;0,789592;1,104796;1,217223;0,933881;1,097376;0,995840;0,907327;1,004548;0,997653;1,060580;0,912371;0,954124;1,131163;1,155943;0,917172;1,160329;1,150613;0,899947;1,092390;0,944211;1,104192;1,083225;0,915551;1,134585
di0ms0;0,768819;0,660865;0,961469;0,830078;0,852840;1,010428;0,746428;0,887978;0,948915;0,923984;0,748588;0,720313;0,962871;0,761620;0,834712;1,009004;0,817538;0,940107;0,846169;1,008446;0,832238;0,895948;0,874413;1,031760;0,857902;0,869167;1,018910;0,712468;0,733738;0,838486;0,943916;0,906564;0,796149;1,135522;0,879502;0,970759;1,038535;1,186750
vmip3p0;0,722022;0,955310;1,026046;0,738525;0,858888;0,529529;1,073434;1,528347;0,942415;1,037356;0,678805;0,706593;0,685786;0,813696;0,970071;0,587522;0,678253;1,064625;0,740398;0,712215;1,076278;0,733048;0,569249;0,801199;0,783005;1,156712;0,975736;0,617957;1,382814;0,745321;0,819898;0,562467;0,536938;0,783757;0,995057;1,089144;1,045368;0,645540
dp1css;0,782190;1,066545;0,566836;1,074219;0,998004;1,042849;0,696666;0,554986;0,766931;0,600873;1,053099;0,562530;0,630369;1,080588;0,774553;0,823807;1,035548;0,684846;0,846169;0,869784;0,713347;0,997760;0,786385;0,904951;0,660448;0,849562;0,552629;0,814249;0,733738;0,643686;0,606311;1,078613;1,160279;0,543076;1,110612;0,781342;0,676414;0,880282
pt00000;0,742078;0,680495;0,839492;0,616455;0,955664;0,772681;0,632686;0,512295;0,877421;0,663228;0,710525;0,583110;0,796620;0,585861;0,774553;0,759946;1,029492;0,871622;0,899055;0,983235;0,707090;0,855223;0,798122;0,662862;0,701300;0,882238;0,803039;0,559796;0,677296;0,787668;0,730329;0,979354;0,913411;0,950383;0,719009;0,787262;0,751571;0,769431
da0mp0;0,742078;0,713211;0,660113;0,909424;0,743967;0,686227;0,717992;1,092896;0,766931;0,804943;0,824716;0,850655;0,831255;0,807187;0,909911;0,587522;0,678253;0,796912;0,680902;0,642884;0,913585;0,882373;0,645540;0,806963;1,007694;0,895308;0,673517;0,843330;0,910117;0,702973;0,861237;0,562467;0,493736;0,635646;0,648392;0,722150;0,847226;0,560772
pp1csn0;0,788876;1,033828;0,968645;0,653076;0,780258;0,826714;0,654013;0,461066;0,786429;0,668896;0,640741;0,384167;0,616514;0,761620;0,774553;0,670541;0,944710;0,965011;0,945330;0,939115;0,788436;0,563361;0,762911;0,645570;0,497038;0,856097;0,699421;0,756089;0,486807;0,686034;0,675210;0,979354;0,666543;0,685016;0,776786;0,822777;0,854058;0,665102
pp2cs00;0,401123;0,791729;0,982995;0,836182;0,629045;0,632193;0,447857;0,529372;0,669440;0,532850;0,653429;0,521369;0,692713;0,748600;0,744473;0,632224;0,660086;0,790686;0,846169;0,894996;0,788436;0,678748;0,980047;0,749323;0,783005;0,829957;0,483551;0,806979;0,712572;0,575930;0,950806;1,210958;0,894896;0,746729;0,840984;0,716231;0,819896;0,652061
p00cn00;0,822302;0,837532;0,896893;0,506592;0,677433;0,480899;0,789081;0,700137;0,812427;0,680234;0,831060;0,713453;0,630369;0,742091;0,609114;0,753560;0,702477;0,946333;0,555298;0,743729;0,757149;0,597299;0,510563;0,593694;0,728535;0,784211;0,803039;0,705198;0,649076;0,660625;0,682100;0,721281;0,561624;0,765243;0,815305;0,876051;0,717409;0,710746
pp3csd0;0,541516;0,889878;0,660113;0,665283;0,526220;0,923975;0,739319;0,452527;0,500455;0,544187;0,621709;0,672292;0,775838;0,663976;0,609114;0,600294;0,817538;0,516748;0,780062;0,623976;0,657030;0,495486;0,674883;0,737795;0,735344;0,660044;0,777135;0,734278;0,388034;0,855425;0,489183;0,760985;0,660372;0,950383;0,635552;0,698473;0,737907;1,056338
vmip2s0;0,434550;0,772100;0,789266;0,604248;0,713724;0,680823;0,440748;0,461066;0,630443;0,498838;0,640741;0,439048;0,706567;0,644447;0,601594;0,530047;0,587416;0,840493;0,634627;0,951721;0,682060;0,828073;0,944836;0,507234;0,728535;0,725395;0,638978;0,436205;0,599690;0,804607;0,516742;0,813923;0,709745;0,808442;0,808885;0,757665;0,983875;0,476004
di00;0,808932;0,601976;0,688814;0,695801;0,574608;0,486302;0,838843;0,554986;0,675939;0,646222;0,735901;0,672292;0,581879;0,637938;0,563995;0,689699;0,690365;0,778234;0,780062;0,661793;0,556911;0,556574;0,598592;0,599458;0,619596;0,568553;0,673517;0,705198;0,550303;0,491234;0,564972;0,622022;0,722089;0,573932;0,706169;0,763585;0,901886;0,678143
vmis3s0;0,909212;0,837532;0,609887;0,738525;0,411299;0,524126;0,753537;0,580601;0,506954;0,674565;0,850092;0,754613;0,803547;0,774639;0,654234;0,772719;0,538969;0,778234;0,641238;0,479012;0,456792;0,617661;0,399061;0,587930;0,578743;0,803816;0,656247;0,748819;0,451531;0,872364;0,399614;0,622022;0,672715;0,641817;0,905181;0,639280;0,355288;0,671622
dp3csn;0,655168;0,719754;0,530961;0,628662;0,756064;0,653807;0,604251;0,691598;0,500455;0,555524;0,754932;0,843795;0,734275;0,703033;0,563995;0,798263;0,581360;0,466941;0,753619;0,472709;0,738377;0,631236;0,575117;0,622514;0,762579;0,496667;0,440376;0,596147;0,578524;0,982468;0,626981;0,655109;0,623341;0,530733;0,597034;0,426187;0,560262;0,704225
i;0,340955;0,588890;0,430509;0,659180;0,780258;0,788891;0,504727;0,409836;0,708436;0,521512;0,831060;0,816355;0,630369;0,527275;0,646714;0,779105;0,750924;0,466941;0,654459;0,485315;0,444278;0,957035;0,710094;0,697447;0,469803;0,607764;0,803039;0,261723;0,472696;0,635216;0,558082;0,681578;0,857866;0,814614;0,629133;0,514976;0,198142;0,541210
vmis1s0;0,869100;0,687038;0,581187;0,439453;0,302425;0,464689;0,568707;0,281762;0,565449;0,685902;0,596333;0,521369;0,588806;0,397084;0,421116;0,447027;0,508690;0,597684;0,667680;0,327745;0,481822;0,712686;0,240610;0,651334;0,401716;0,601229;0,518090;0,508906;0,289262;0,220208;0,434064;0,436739;0,506079;0,450506;0,404442;0,568249;0,348456;0,430360
nccs000;0,354325;0,229013;0,444859;0,671387;0,350814;0,389042;0,419421;1,118511;0,435461;0,544187;0,729557;0,507649;0,519534;0,318969;0,503835;0,319305;0,545025;0,336197;0,469359;0,315139;0,456792;0,475124;0,622066;0,501470;0,503847;0,339825;0,440376;0,305344;0,677296;0,626747;0,551192;0,330863;0,425847;0,475191;0,340245;0,248609;0,382618;0,410798
vmg0000;0,407809;0,386050;0,466384;0,494385;0,290328;0,443076;0,710884;0,648907;0,506954;0,538518;0,348918;0,569390;0,346356;0,624919;0,451196;0,376780;0,423908;0,379778;0,396642;0,352956;0,538139;0,502274;0,293427;0,478414;0,428951;0,379035;0,414472;0,516176;0,761959;0,431947;0,468513;0,516146;0,462877;0,394964;0,365924;0,343317;0,266466;0,599896
dd00;0,528145;0,327161;0,509435;0,469971;0,471784;0,453882;0,362551;0,589139;0,454959;0,453489;0,406014;0,514509;0,415628;0,331988;0,421116;0,549205;0,436020;0,348649;0,555298;0,485315;0,513109;0,509061;0,492958;0,368897;0,401716;0,320220;0,449011;0,414395;0,395090;0,457356;0,461623;0,350715;0,598655;0,543076;0,372344;0,514976;0,512435;0,391236
pp2cp00;0,828988;0,588890;0,545311;0,329590;0,538317;0,486302;0,561598;0,332992;0,493956;0,623547;0,183975;0,349866;0,498753;0,371045;0,563995;0,491730;0,387573;0,479392;0,469359;0,365562;0,356674;0,278287;0,287559;0,507234;0,115749;0,418246;0,587169;0,683388;0,416255;0,525112;0,110238;0,357332;0,493736;0,394964;0,365924;0,603765;0,355288;0,423839
aq0cp00;0,334269;0,346791;0,330057;0,439453;0,381056;0,280975;0,348333;0,503757;0,402964;0,493169;0,329886;0,336146;0,540316;0,403593;0,413596;0,300147;0,520802;0,392230;0,416474;0,579856;0,675803;0,502274;0,346244;0,317021;0,619596;0,535878;0,492185;0,312614;0,571469;0,457356;0,392724;0,330863;0,327100;0,518391;0,455800;0,396591;0,833561;0,306468
dp2css;0,173820;0,366420;0,272656;0,543213;0,368959;0,432269;0,191939;0,256148;0,363967;0,192733;0,532893;0,445908;0,401773;0,397084;0,511355;0,478958;0,357294;0,311294;0,482581;0,611370;0,575684;0,576936;0,651408;0,368897;0,640022;0,444386;0,233140;0,312614;0,324538;0,406538;0,482293;0,489677;0,580139;0,357936;0,494319;0,278205;0,389451;0,358633
vmsi3s0;0,628426;0,425309;0,530961;0,390625;0,405250;0,367429;0,291462;0,298839;0,428961;0,470495;0,418702;0,343006;0,332502;0,611899;0,421116;0,478958;0,296736;0,242809;0,350367;0,397076;0,287842;0,447974;0,293427;0,397717;0,245115;0,490132;0,379933;0,414395;0,324538;0,474295;0,289376;0,489677;0,438190;0,333251;0,552096;0,396591;0,423613;0,449922
vaip3s0;0,474662;0,458025;0,322882;0,335693;0,489929;0,356622;0,355442;0,264686;0,311972;0,340117;0,380638;0,349866;0,325575;0,501237;0,285757;0,440641;0,460243;0,392230;0,370199;0,397076;0,350416;0,454761;0,340376;0,363133;0,333628;0,352895;0,474916;0,414395;0,303372;0,228678;0,275596;0,416887;0,444362;0,364108;0,276048;0,343317;0,252801;0,449922
aq0mp00;0,340955;0,274815;0,193729;0,451660;0,308474;0,340412;0,263027;0,563525;0,402964;0,459158;0,323542;0,679152;0,574952;0,266892;0,616634;0,293761;0,502634;0,435811;0,323924;0,264717;0,444278;0,407249;0,416667;0,345841;0,381290;0,365965;0,319489;0,312614;0,402145;0,381130;0,530522;0,211752;0,259211;0,197482;0,243949;0,372913;0,314294;0,202139
dd0ms0;0,307528;0,222469;0,315706;0,396729;0,272183;0,491706;0,305680;0,435451;0,448460;0,362791;0,412358;0,500789;0,297866;0,234344;0,308317;0,344850;0,357294;0,205454;0,277649;0,258414;0,337901;0,427611;0,387324;0,461122;0,333628;0,313684;0,379933;0,290803;0,345703;0,440417;0,434064;0,251456;0,357958;0,530733;0,340245;0,432106;0,355288;0,345592
pp3msa0;0,347640;0,399136;0,365932;0,219727;0,447590;0,351218;0,263027;0,221995;0,396464;0,362791;0,260103;0,219524;0,415628;0,384065;0,353437;0,408711;0,411797;0,448263;0,370199;0,365562;0,344159;0,380099;0,346244;0,230561;0,279158;0,372500;0,466281;0,341694;0,176379;0,296434;0,220477;0,430122;0,314757;0,555418;0,314566;0,503137;0,403116;0,456442
vmp00sf;0,528145;0,412223;0,394633;0,354004;0,362911;0,167504;0,390986;0,375683;0,363967;0,345785;0,685149;0,212664;0,235522;0,227835;0,255678;0,427869;0,314903;0,311294;0,409863;0,302534;0,256555;0,264712;0,352113;0,253617;0,306393;0,320220;0,259045;0,479826;0,204600;0,211739;0,365165;0,430122;0,432019;0,407307;0,231110;0,355156;0,307461;0,215180
vmip2p0;0,581629;0,477655;0,308531;0,311279;0,368959;0,443076;0,199047;0,469604;0,441960;0,442152;0,209351;0,178363;0,616514;0,149720;0,473755;0,402325;0,381518;0,386004;0,416474;0,220598;0,250297;0,325799;0,228873;0,455358;0,197454;0,359430;0,379933;0,348964;0,310428;0,152452;0,172247;0,224987;0,376473;0,425821;0,160493;0,372913;0,307461;0,149974
da00s0;0,427865;0,327161;0,387458;0,140381;0,284280;0,362025;0,291462;0,290301;0,318471;0,255088;0,215695;0,198944;0,304794;0,325478;0,278237;0,447027;0,302792;0,373552;0,330535;0,428589;0,312872;0,393674;0,334507;0,242089;0,320011;0,261404;0,345393;0,348964;0,162269;0,355721;0,296266;0,264690;0,314757;0,431992;0,314566;0,219013;0,526100;0,410798
vmii3s0;0,581629;0,412223;0,495085;0,183105;0,187504;0,297185;0,419421;0,239071;0,350968;0,510175;0,393326;0,343006;0,256304;0,253873;0,210558;0,249058;0,308848;0,354875;0,568520;0,176478;0,212753;0,223987;0,176056;0,270909;0,279158;0,281009;0,284949;0,479826;0,275152;0,194800;0,234257;0,271308;0,271555;0,290052;0,256789;0,337398;0,239136;0,502087
pr0cs00;0,414494;0,294445;0,344407;0,256348;0,278231;0,259361;0,234592;0,239071;0,253477;0,345785;0,323542;0,288125;0,228595;0,371045;0,300797;0,312919;0,254345;0,255261;0,337146;0,460103;0,350416;0,264712;0,410798;0,236325;0,360863;0,228728;0,302219;0,261723;0,183434;0,313373;0,268706;0,330863;0,216009;0,327080;0,320986;0,307802;0,286964;0,326030
pp3a0;0,661853;0,281358;0,344407;0,231934;0,320571;0,210731;0,383877;0,085383;0,350968;0,606542;0,247415;0,192083;0,193960;0,318969;0,278237;0,370394;0,254345;0,367327;0,244596;0,239506;0,200238;0,271499;0,170188;0,265145;0,224689;0,267939;0,164062;0,210832;0,112883;0,245617;0,144688;0,324246;0,296241;0,277709;0,378764;0,313721;0,245969;0,495566
vmm02p0;0,427865;0,300988;0,186554;0,299072;0,320571;0,567353;0,227483;0,247609;0,266476;0,294768;0,203007;0,349866;0,574952;0,136701;0,451196;0,427869;0,526858;0,267713;0,185099;0,144964;0,131406;0,251137;0,181925;0,340077;0,156601;0,248334;0,319489;0,239913;0,225765;0,220208;0,220477;0,251456;0,357958;0,283881;0,199011;0,290044;0,143482;0,195618
vmm02s0;0,180505;0,229013;0,193729;0,305176;0,314522;0,275571;0,270136;0,170765;0,266476;0,204070;0,241071;0,301845;0,339429;0,292931;0,233118;0,325691;0,248289;0,217906;0,257817;0,271020;0,262812;0,305437;0,269953;0,213269;0,238306;0,326755;0,276315;0,276263;0,253986;0,271026;0,475403;0,311011;0,487564;0,413478;0,391603;0,266367;0,245969;0,273865
pd00s00;0,254045;0,287902;0,258305;0,225830;0,326619;0,367429;0,270136;0,196380;0,370467;0,272093;0,317199;0,157783;0,221668;0,208306;0,255678;0,312919;0,387573;0,423359;0,271039;0,315139;0,300357;0,244349;0,357981;0,317021;0,156601;0,339825;0,250410;0,268993;0,190490;0,186330;0,227367;0,311011;0,222181;0,413478;0,256789;0,230851;0,198142;0,267345
pp1cso0;0,421179;0,287902;0,380283;0,238037;0,362911;0,291781;0,248809;0,204918;0,207981;0,357123;0,177631;0,253825;0,263231;0,325478;0,345917;0,236286;0,211954;0,348649;0,277649;0,308837;0,219010;0,230774;0,264085;0,224797;0,245115;0,235263;0,284949;0,327154;0,169324;0,203269;0,151578;0,436739;0,290070;0,314737;0,256789;0,272286;0,327958;0,273865
vsn0000;0,354325;0,294445;0,243955;0,213623;0,266134;0,194521;0,327006;0,230533;0,207981;0,283431;0,304511;0,205804;0,290939;0,377555;0,285757;0,255444;0,187731;0,286390;0,330535;0,277323;0,256555;0,237562;0,316901;0,213269;0,217880;0,326755;0,241775;0,348964;0,253986;0,406538;0,323825;0,363949;0,216009;0,209825;0,327406;0,337398;0,259634;0,273865
vmif1s0;0,200562;0,366420;0,172203;0,170898;0,205649;0,259361;0,177721;0,102459;0,311972;0,209739;0,253759;0,198944;0,187032;0,188778;0,248158;0,236286;0,296736;0,280164;0,171878;0,365562;0,237782;0,339374;0,217136;0,282437;0,190645;0,248334;0,233140;0,152672;0,176379;0,237147;0,303156;0,264690;0,339443;0,240681;0,224690;0,236770;0,225471;0,195618
vsip3p0;0,160449;0,229013;0,193729;0,231934;0,247989;0,140487;0,163503;0,213456;0,188483;0,289099;0,298167;0,096042;0,193960;0,162739;0,338397;0,197969;0,127173;0,273938;0,132214;0,277323;0,300357;0,176475;0,158451;0,265145;0,129366;0,287544;0,189966;0,130862;0,162269;0,262556;0,206697;0,185283;0,104919;0,290052;0,109135;0,248609;0,218639;0,123891
vsip1s0;0,213932;0,157037;0,150678;0,311279;0,217746;0,389042;0,184830;0,162227;0,162485;0,102035;0,190319;0,116622;0,387919;0,214816;0,240638;0,204355;0,230122;0,168099;0,231374;0,264717;0,131406;0,176475;0,328638;0,167157;0,136175;0,169912;0,138157;0,189022;0,091717;0,067756;0,227367;0,218370;0,234524;0,240681;0,192592;0,230851;0,129817;0,202139
pp2csn0;0,086910;0,281358;0,229605;0,213623;0,187504;0,162101;0,127959;0,102459;0,194982;0,170058;0,183975;0,102902;0,214741;0,240854;0,285757;0,197969;0,266457;0,236583;0,191710;0,245809;0,219010;0,169687;0,217136;0,178685;0,197454;0,300614;0,224506;0,094511;0,225765;0,186330;0,151578;0,211752;0,259211;0,234510;0,192592;0,236770;0,232304;0,189098
dp3cpn;0,133708;0,091605;0,200904;0,225830;0,175407;0,167504;0,163503;0,307377;0,168985;0,215407;0,253759;0,384167;0,207814;0,227835;0,195518;0,178811;0,242233;0,118292;0,231374;0,170175;0,143921;0,176475;0,134977;0,172921;0,401716;0,156842;0,284949;0,225373;0,289262;0,296434;0,192917;0,185283;0,154292;0,080227;0,231110;0,165739;0,136649;0,234742
pt0cs00;0,160449;0,098148;0,165028;0,115967;0,278231;0,205328;0,177721;0,179303;0,272975;0,170058;0,145911;0,116622;0,200887;0,149720;0,406076;0,172425;0,236178;0,236583;0,237985;0,138661;0,143921;0,264712;0,111502;0,253617;0,163410;0,169912;0,224506;0,145402;0,183434;0,338782;0,199807;0,205135;0,209838;0,283881;0,166913;0,236770;0,054660;0,352113
vmsp2s0;0,127022;0,183210;0,193729;0,219727;0,163310;0,210731;0,142177;0,128074;0,240478;0,147384;0,215695;0,137202;0,117761;0,201797;0,195518;0,210741;0,254345;0,149421;0,185099;0,245809;0,237782;0,230774;0,293427;0,213269;0,211071;0,228728;0,103618;0,174482;0,183434;0,135513;0,206697;0,198518;0,222181;0,222167;0,173332;0,219013;0,300629;0,202139
vmiress0;0,193876;0,196297;0,100452;0,158691;0,278231;0,205328;0,142177;0,179303;0,246978;0,136047;0,183975;0,226384;0,159324;0,084624;0,248158;0,325691;0,260401;0,124517;0,158657;0,233203;0,193980;0,176475;0,193662;0,207505;0,238306;0,182983;0,267680;0,174482;0,239876;0,169391;0,179137;0,172049;0,197494;0,253024;0,154073;0,195336;0,122984;0,195618
pp3ms00;0,080225;0,209383;0,143503;0,152588;0,163310;0,362025;0,163503;0,076844;0,136488;0,192733;0,183975;0,267545;0,304794;0,182268;0,127839;0,172425;0,230122;0,193002;0,105771;0,189084;0,131406;0,162900;0,099765;0,242089;0,183836;0,202588;0,181331;0,298073;0,077607;0,194800;0,130908;0,231604;0,166636;0,271538;0,211851;0,278205;0,204974;0,299948
vaip1s0;0,227303;0,215926;0,229605;0,195313;0,145164;0,232345;0,142177;0,110997;0,194982;0,147384;0,196663;0,150923;0,131615;0,156230;0,233118;0,178811;0,248289;0,130743;0,271039;0,226900;0,175208;0,264712;0,246479;0,161393;0,102131;0,189518;0,189966;0,145402;0,183434;0,160921;0,192917;0,238221;0,135777;0,228339;0,128394;0,295963;0,245969;0,195618
pi0ms00;0,200562;0,157037;0,136328;0,140381;0,217746;0,156697;0,184830;0,162227;0,220980;0,175727;0,228383;0,198944;0,110834;0,149720;0,127839;0,191583;0,205898;0,180550;0,105771;0,220598;0,168951;0,251137;0,264085;0,161393;0,142984;0,254869;0,207236;0,145402;0,112883;0,237147;0,234257;0,211752;0,203666;0,240681;0,192592;0,195336;0,225471;0,169536
pp2cs0p;0,514775;0,170124;0,150678;0,128174;0,169358;0,199924;0,177721;0,136612;0,188483;0,198401;0,076128;0,061741;0,290939;0,214816;0,150399;0,312919;0,133228;0,273938;0,152046;0,094542;0,100119;0,115387;0,234742;0,167157;0,108940;0,169912;0,069079;0,239913;0,105828;0,194800;0,172247;0,105876;0,172808;0,302394;0,166913;0,301882;0,102487;0,169536
dp1cps;0,120337;0,215926;0,186554;0,341797;0,133067;0,151294;0,213265;0,085383;0,214481;0,215407;0,164943;0,171503;0,117761;0,182268;0,240638;0,063861;0,169563;0,224131;0,224764;0,220598;0,137663;0,271499;0,234742;0,167157;0,204262;0,189518;0,103618;0,159942;0,190490;0,143982;0,137798;0,185283;0,209838;0,111084;0,141234;0,177578;0,109319;0,143453
pp300;0,193876;0,104691;0,251130;0,128174;0,114922;0,108067;0,163503;0,076844;0,220980;0,260756;0,203007;0,137202;0,069271;0,149720;0,112799;0,127722;0,133228;0,193002;0,158657;0,119753;0,137663;0,095025;0,099765;0,190213;0,122557;0,202588;0,129522;0,196292;0,119938;0,177861;0,117128;0,119111;0,141949;0,148112;0,243949;0,118385;0,273299;0,117371
vmsp3p0;0,093595;0,130864;0,114802;0,091553;0,217746;0,108067;0,199047;0,298839;0,142987;0,107704;0,164943;0,198944;0,124688;0,084624;0,172958;0,070247;0,218010;0,062259;0,171878;0,107147;0,150178;0,088237;0,129108;0,224797;0,224689;0,189518;0,189966;0,116321;0,162269;0,127043;0,213587;0,125728;0,123434;0,197482;0,134814;0,159820;0,095655;0,117371
di0mp0;0,093595;0,124321;0,150678;0,146484;0,187504;0,081050;0,199047;0,196380;0,129988;0,181396;0,145911;0,164643;0,173178;0,162739;0,112799;0,134108;0,133228;0,143195;0,112382;0,176478;0,256555;0,101812;0,170188;0,115280;0,211071;0,098026;0,103618;0,123591;0,119938;0,143982;0,186027;0,092642;0,154292;0,172797;0,121975;0,153901;0,143482;0,123891
de0cn0;0,120337;0,202840;0,251130;0,091553;0,157261;0,129681;0,255918;0,179303;0,240478;0,141715;0,126879;0,061741;0,103907;0,117172;0,142879;0,102178;0,054503;0,174324;0,171878;0,075633;0,100119;0,081450;0,111502;0,092224;0,088514;0,156842;0,233140;0,065431;0,148159;0,262556;0,082679;0,211752;0,086404;0,333251;0,064197;0,142062;0,109319;0,149974
vsis3s0;0,173820;0,176667;0,136328;0,067139;0,096776;0,124277;0,127959;0,196380;0,097491;0,102035;0,228383;0,089182;0,180105;0,195287;0,195518;0,070247;0,139284;0,130743;0,059496;0,107147;0,118891;0,169687;0,076291;0,172921;0,074896;0,209123;0,129522;0,109051;0,190490;0,127043;0,062009;0,158814;0,209838;0,074056;0,128394;0,088789;0,143482;0,254304
dt0cn0;0,113652;0,117778;0,136328;0,109863;0,181455;0,086454;0,085306;0,170765;0,103991;0,130378;0,133223;0,144063;0,069271;0,188778;0,120319;0,166039;0,096893;0,105840;0,138825;0,144964;0,175208;0,108600;0,211268;0,109516;0,136175;0,130702;0,069079;0,101781;0,134048;0,211739;0,137798;0,138962;0,160464;0,098741;0,109135;0,177578;0,184477;0,117371
pr00000;0,207247;0,111235;0,200904;0,097656;0,133067;0,129681;0,106633;0,128074;0,149487;0,170058;0,107847;0,260685;0,138543;0,084624;0,180478;0,114950;0,109005;0,130743;0,145435;0,088239;0,068832;0,122175;0,088028;0,213269;0,142984;0,111097;0,181331;0,152672;0,119938;0,118574;0,124018;0,072790;0,154292;0,098741;0,096296;0,106547;0,157147;0,123891
vmp00pm;0,066854;0,078519;0,050226;0,177002;0,151213;0,091857;0,106633;0,145150;0,116989;0,073692;0,082472;0,178363;0,159324;0,123682;0,120319;0,089405;0,175619;0,093388;0,152046;0,182781;0,262812;0,088237;0,146714;0,167157;0,108940;0,163377;0,077713;0,167212;0,197545;0,076226;0,096459;0,066173;0,098747;0,160454;0,154073;0,159820;0,157147;0,071727
pp2cso0;0,100281;0,104691;0,086102;0,158691;0,114922;0,118874;0,028435;0,136612;0,129988;0,096366;0,152255;0,096042;0,138543;0,136701;0,165438;0,108564;0,121117;0,118292;0,178489;0,176478;0,106376;0,169687;0,123239;0,086460;0,177027;0,124167;0,094983;0,050891;0,056441;0,143982;0,144688;0,172049;0,222181;0,135769;0,179752;0,118385;0,184477;0,091288
vmip1p0;0,080225;0,032716;0,050226;0,097656;0,090728;0,124277;0,099524;0,110997;0,194982;0,124709;0,133223;0,315566;0,096980;0,058586;0,203038;0,121336;0,175619;0,130743;0,099160;0,088239;0,106376;0,061087;0,164319;0,057640;0,068087;0,111097;0,138157;0,116321;0,253986;0,067756;0,316935;0,052938;0,098747;0,117255;0,141234;0,130224;0,129817;0,071727
dp2cps;0,046798;0,117778;0,121977;0,164795;0,102825;0,140487;0,071088;0,093921;0,090992;0,051018;0,120535;0,192083;0,103907;0,078115;0,157918;0,057475;0,115061;0,080936;0,178489;0,170175;0,143921;0,108600;0,193662;0,097988;0,231497;0,098026;0,051809;0,029080;0,084662;0,110104;0,082679;0,112493;0,191323;0,104912;0,154073;0,082870;0,136649;0,058685
vmioss0;0,046798;0,124321;0,071751;0,109863;0,072582;0,113471;0,049762;0,085383;0,090992;0,136047;0,120535;0,123482;0,096980;0,052077;0,097759;0,159653;0,096893;0,130743;0,112382;0,176478;0,231525;0,108600;0,146714;0,109516;0,122557;0,150307;0,094983;0,065431;0,098772;0,101635;0,179137;0,059555;0,203666;0,154283;0,102716;0,053273;0,136649;0,104330
vmis3p0;0,053483;0,091605;0,093277;0,097656;0,072582;0,054034;0,113741;0,290301;0,051995;0,124709;0,063440;0,157783;0,138543;0,149720;0,120319;0,076633;0,060558;0,080936;0,099160;0,044120;0,168951;0,095025;0,117371;0,121044;0,177027;0,215658;0,241775;0,072701;0,162269;0,118574;0,227367;0,092642;0,080232;0,080227;0,057777;0,112466;0,047827;0,078247
nccp000;0,080225;0,098148;0,150678;0,128174;0,133067;0,091857;0,113741;0,170765;0,103991;0,062355;0,114191;0,137202;0,187032;0,084624;0,105279;0,095792;0,145340;0,149421;0,105771;0,113450;0,162693;0,108600;0,088028;0,121044;0,156601;0,091491;0,120888;0,094511;0,141103;0,084696;0,130908;0,039704;0,067889;0,123426;0,096296;0,065112;0,102487;0,045644
dd0mp0;0,040112;0,071975;0,107627;0,189209;0,084679;0,081050;0,092415;0,102459;0,155986;0,130378;0,088816;0,096042;0,090053;0,104153;0,097759;0,121336;0,157452;0,068485;0,105771;0,107147;0,219010;0,108600;0,093897;0,144101;0,108940;0,117632;0,051809;0,050891;0,176379;0,093165;0,103348;0,046321;0,135777;0,197482;0,064197;0,130224;0,102487;0,065206
dp2p;0,200562;0,157037;0,107627;0,103760;0,084679;0,113471;0,078197;0,145150;0,084492;0,130378;0,076128;0,061741;0,131615;0,234344;0,082719;0,172425;0,084782;0,093388;0,138825;0,182781;0,093861;0,033937;0,064554;0,155629;0,068087;0,045746;0,060444;0,196292;0,155214;0,152452;0,020670;0,046321;0,067889;0,012343;0,154073;0,088789;0,116152;0,156495
vaip2s0;0,080225;0,078519;0,078927;0,177002;0,096776;0,183714;0,099524;0,034153;0,064994;0,085029;0,095160;0,054881;0,076198;0,084624;0,060159;0,114950;0,084782;0,105840;0,145435;0,063028;0,193980;0,203625;0,129108;0,080696;0,061279;0,104561;0,077713;0,072701;0,091717;0,093165;0,062009;0,178666;0,129606;0,086398;0,115555;0,053273;0,157147;0,110850
pp3cn00;0,153764;0,052346;0,121977;0,073242;0,120970;0,081050;0,156394;0,136612;0,129988;0,090698;0,050752;0,034301;0,076198;0,091134;0,142879;0,083019;0,066614;0,136969;0,105771;0,132359;0,143921;0,081450;0,076291;0,138337;0,061279;0,156842;0,224506;0,072701;0,070552;0,042348;0,055119;0,092642;0,037030;0,080227;0,096296;0,130224;0,102487;0,136933
dd0cs0;0,086910;0,117778;0,150678;0,061035;0,108873;0,070244;0,106633;0,110997;0,155986;0,096366;0,044408;0,137202;0,076198;0,110663;0,105279;0,083019;0,036335;0,105840;0,085939;0,107147;0,118891;0,088237;0,070423;0,057640;0,115749;0,065351;0,146792;0,116321;0,035276;0,169391;0,130908;0,125728;0,049374;0,092570;0,115555;0,130224;0,116152;0,117371
vmsp2p0;0,160449;0,117778;0,057401;0,115967;0,108873;0,162101;0,078197;0,102459;0,136488;0,141715;0,050752;0,027440;0,166251;0,071605;0,180478;0,134108;0,090838;0,099614;0,112382;0,050422;0,068832;0,061087;0,064554;0,213269;0,040852;0,098026;0,069079;0,109051;0,084662;0,050817;0,075789;0,052938;0,104919;0,129598;0,025679;0,106547;0,068325;0,052165
vaip3p0;0,086910;0,058889;0,057401;0,140381;0,090728;0,075647;0,078197;0,256148;0,136488;0,124709;0,082472;0,130342;0,145470;0,078115;0,082719;0,089405;0,109005;0,087162;0,046275;0,081936;0,143921;0,088237;0,093897;0,092224;0,088514;0,098026;0,155427;0,079971;0,169324;0,059287;0,096459;0,046321;0,067889;0,123426;0,083456;0,094708;0,054660;0,039124
vsp00sm;0,180505;0,117778;0,050226;0,079346;0,084679;0,113471;0,120850;0,110997;0,064994;0,102035;0,114191;0,041161;0,076198;0,169249;0,067679;0,083019;0,096893;0,087162;0,092550;0,107147;0,093861;0,108600;0,129108;0,080696;0,095322;0,169912;0,120888;0,101781;0,035276;0,042348;0,089569;0,086024;0,111091;0,067884;0,057777;0,094708;0,034162;0,136933
vmis2s0;0,046798;0,130864;0,086102;0,067139;0,133067;0,059437;0,056871;0,068306;0,136488;0,102035;0,082472;0,096042;0,055417;0,143211;0,067679;0,031931;0,072670;0,249035;0,092550;0,088239;0,106376;0,115387;0,058685;0,046112;0,136175;0,071886;0,077713;0,072701;0,134048;0,042348;0,055119;0,119111;0,043202;0,104912;0,096296;0,059193;0,027330;0,149974
pp1cp00;0,120337;0,032716;0,021525;0,042725;0,054437;0,064840;0,085306;0,085383;0,123489;0,113372;0,145911;0,240104;0,069271;0,065096;0,120319;0,070247;0,205898;0,043581;0,066107;0,056725;0,112634;0,054300;0,093897;0,040348;0,047661;0,091491;0,069079;0,065431;0,197545;0,084696;0,124018;0,046321;0,074060;0,141940;0,102716;0,094708;0,075157;0,052165
pi0cs00;0,113652;0,045803;0,121977;0,061035;0,066534;0,108067;0,113741;0,042691;0,097491;0,073692;0,101504;0,020580;0,062344;0,084624;0,075199;0,108564;0,115061;0,087162;0,059496;0,113450;0,037545;0,074662;0,064554;0,063404;0,088514;0,117632;0,051809;0,058161;0,063497;0,059287;0,124018;0,079407;0,074060;0,185139;0,089876;0,082870;0,068325;0,065206
vsiress0;0,147078;0,052346;0,129153;0,054932;0,114922;0,086454;0,049762;0,059768;0,077993;0,068023;0,031720;0,054881;0,041563;0,130191;0,090239;0,095792;0,078726;0,074710;0,092550;0,044120;0,031287;0,135750;0,076291;0,109516;0,054470;0,117632;0,086348;0,065431;0,091717;0,110104;0,048229;0,119111;0,061717;0,061713;0,115555;0,094708;0,054660;0,097809
pi0mp00;0,026742;0,032716;0,064576;0,115967;0,066534;0,086454;0,042653;0,076844;0,032497;0,056686;0,063440;0,157783;0,110834;0,065096;0,060159;0,108564;0,109005;0,124517;0,052886;0,050422;0,137663;0,074662;0,152582;0,092224;0,115749;0,071886;0,069079;0,014540;0,063497;0,067756;0,186027;0,072790;0,067889;0,166626;0,044938;0,071031;0,054660;0,039124
ap01s;0,147078;0,091605;0,136328;0,085449;0,078631;0,108067;0,078197;0,051230;0,090992;0,073692;0,031720;0,027440;0,041563;0,052077;0,082719;0,108564;0,175619;0,062259;0,066107;0,075633;0,056317;0,115387;0,058685;0,040348;0,108940;0,098026;0,051809;0,079971;0,035276;0,067756;0,089569;0,079407;0,148121;0,080227;0,057777;0,088789;0,075157;0,052165
vssi3s0;0,127022;0,071975;0,100452;0,079346;0,084679;0,081050;0,049762;0,076844;0,090992;0,073692;0,107847;0,048021;0,069271;0,156230;0,105279;0,076633;0,096893;0,105840;0,085939;0,081936;0,062574;0,074662;0,082160;0,069168;0,040852;0,111097;0,060444;0,087241;0,049386;0,101635;0,048229;0,046321;0,098747;0,080227;0,064197;0,071031;0,061492;0,058685
vmm03s0;0,040112;0,058889;0,035876;0,030518;0,060485;0,070244;0,099524;0,068306;0,116989;0,527181;0,095160;0,075461;0,034636;0,032548;0,082719;0,051089;0,054503;0,056033;0,052886;0,044120;0,025030;0,061087;0,082160;0,040348;0,088514;0,026140;0,069079;0,043621;0,035276;0,118574;0,027560;0,033086;0,086404;0,037028;0,089876;0,088789;0,027330;0,306468
vmp00pf;0,060168;0,085062;0,093277;0,115967;0,060485;0,070244;0,063980;0,076844;0,123489;0,085029;0,088816;0,109762;0,090053;0,065096;0,090239;0,057475;0,030279;0,074710;0,052886;0,075633;0,112634;0,074662;0,082160;0,063404;0,081705;0,065351;0,112253;0,087241;0,183434;0,033878;0,068899;0,066173;0,043202;0,074056;0,109135;0,035516;0,102487;0,032603
vmiresp0;0,040112;0,058889;0,050226;0,054932;0,066534;0,113471;0,035544;0,051230;0,051995;0,062355;0,057096;0,054881;0,083126;0,052077;0,082719;0,063861;0,121117;0,049807;0,118993;0,031514;0,100119;0,115387;0,070423;0,109516;0,115749;0,078421;0,077713;0,036350;0,077607;0,059287;0,082679;0,006617;0,086404;0,098741;0,192592;0,053273;0,088822;0,045644
dp2msp;0,160449;0,098148;0,028701;0,097656;0,120970;0,145891;0,071088;0,034153;0,045496;0,062355;0,031720;0,020580;0,083126;0,045567;0,067679;0,070247;0,072670;0,068485;0,046275;0,018908;0,050059;0,040725;0,058685;0,074932;0,061279;0,052281;0,086348;0,159942;0,084662;0,118574;0,020670;0,072790;0,098747;0,049371;0,044938;0,076950;0,034162;0,078247
pp3mpa0;0,046798;0,052346;0,057401;0,097656;0,084679;0,043227;0,071088;0,145150;0,116989;0,085029;0,031720;0,041161;0,083126;0,058586;0,127839;0,076633;0,066614;0,099614;0,052886;0,069331;0,056317;0,054300;0,035211;0,063404;0,054470;0,032675;0,051809;0,029080;0,084662;0,084696;0,103348;0,039704;0,030858;0,117255;0,038518;0,076950;0,122984;0,026082
vsii3s0;0,053483;0,065432;0,050226;0,036621;0,048388;0,054034;0,071088;0,034153;0,025998;0,130378;0,069784;0,082321;0,034636;0,065096;0,060159;0,070247;0,054503;0,080936;0,092550;0,050422;0,087604;0,061087;0,058685;0,063404;0,034044;0,111097;0,043174;0,087241;0,049386;0,093165;0,089569;0,079407;0,061717;0,111084;0,096296;0,041435;0,034162;0,091288
vssp1s0;0,046798;0,078519;0,093277;0,036621;0,054437;0,059437;0,028435;0,008538;0,071494;0,051018;0,038064;0,068601;0,034636;0,084624;0,075199;0,146880;0,078726;0,087162;0,132214;0,056725;0,068832;0,047512;0,058685;0,063404;0,061279;0,104561;0,017270;0,109051;0,070552;0,067756;0,041339;0,026469;0,098747;0,104912;0,064197;0,047354;0,068325;0,065206
p01cs00;0,113652;0,117778;0,086102;0,030518;0,072582;0,097260;0,035544;0,017077;0,090992;0,039680;0,063440;0,061741;0,090053;0,058586;0,045120;0,095792;0,030279;0,093388;0,079328;0,063028;0,037545;0,108600;0,029343;0,115280;0,040852;0,039211;0,060444;0,058161;0,042331;0,084696;0,041339;0,059555;0,061717;0,055542;0,064197;0,041435;0,047827;0,052165
vsip2p0;0,073539;0,039259;0,028701;0,024414;0,139116;0,113471;0,028435;0,051230;0,038996;0,124709;0,031720;0,027440;0,096980;0,045567;0,105279;0,089405;0,036335;0,074710;0,046275;0,031514;0,037545;0,047512;0,082160;0,051876;0,040852;0,071886;0,060444;0,079971;0,049386;0,042348;0,075789;0,039704;0,092575;0,098741;0,044938;0,094708;0,040995;0,078247
vsip2s0;0,020056;0,065432;0,071751;0,091553;0,096776;0,108067;0,028435;0,008538;0,077993;0,034012;0,057096;0,034301;0,096980;0,065096;0,090239;0,031931;0,096893;0,087162;0,066107;0,075633;0,043802;0,088237;0,117371;0,034584;0,040852;0,039211;0,086348;0,036350;0,035276;0,033878;0,068899;0,086024;0,129606;0,024685;0,025679;0,023677;0,061492;0,052165
pi000;0,073539;0,052346;0,078927;0,048828;0,006049;0,054034;0,106633;0,076844;0,058495;0,062355;0,063440;0,082321;0,027709;0,065096;0,067679;0,019158;0,036335;0,087162;0,026443;0,056725;0,056317;0,027150;0,052817;0,057640;0,034044;0,019605;0,069079;0,072701;0,056441;0,008470;0,027560;0,158814;0,043202;0,080227;0,051358;0,076950;0,061492;0,052165
pd0ms00;0,033427;0,026173;0,043051;0,054932;0,030243;0,075647;0,014218;0,025615;0,077993;0,028343;0,031720;0,096042;0,103907;0,052077;0,045120;0,038317;0,084782;0,056033;0,026443;0,050422;0,043802;0,040725;0,129108;0,057640;0,040852;0,019605;0,077713;0,021810;0,042331;0,110104;0,089569;0,026469;0,037030;0,092570;0,089876;0,023677;0,047827;0,052165
aq0cn00;0,006685;0,000000;0,007175;0,000000;0,000000;0,010807;0,000000;0,008538;0,155986;0,413809;0,019032;0,020580;0,000000;0,000000;0,015040;0,000000;0,006056;0,000000;0,000000;0,000000;0,018772;0,006787;0,000000;0,340077;0,013617;0,313684;0,025904;0,014540;0,007055;0,016939;0,041339;0,013235;0,000000;0,006171;0,006420;0,011839;0,368953;0,000000
vmiosp0;0,066854;0,052346;0,086102;0,054932;0,060485;0,064840;0,028435;0,051230;0,032497;0,079361;0,044408;0,020580;0,103907;0,013019;0,052639;0,057475;0,060558;0,049807;0,039664;0,037817;0,043802;0,006787;0,035211;0,086460;0,047661;0,026140;0,112253;0,043621;0,056441;0,050817;0,041339;0,006617;0,043202;0,049371;0,070617;0,053273;0,068325;0,032603
vmsi2s0;0,066854;0,026173;0,043051;0,036621;0,048388;0,048630;0,000000;0,017077;0,032497;0,056686;0,076128;0,041161;0,055417;0,071605;0,022560;0,031931;0,024223;0,037355;0,066107;0,119753;0,068832;0,108600;0,070423;0,028820;0,088514;0,039211;0,000000;0,043621;0,021166;0,110104;0,075789;0,059555;0,018515;0,049371;0,064197;0,035516;0,020497;0,013041
pp30;0,033427;0,091605;0,043051;0,054932;0,036291;0,054034;0,049762;0,051230;0,064994;0,073692;0,044408;0,000000;0,041563;0,058586;0,037600;0,012772;0,018168;0,105840;0,039664;0,044120;0,050059;0,027150;0,017606;0,034584;0,047661;0,065351;0,069079;0,014540;0,042331;0,033878;0,034449;0,072790;0,024687;0,049371;0,044938;0,088789;0,081990;0,026082
ao0ms00;0,060168;0,045803;0,014350;0,030518;0,072582;0,021613;0,042653;0,068306;0,019498;0,062355;0,038064;0,089182;0,152397;0,058586;0,060159;0,070247;0,018168;0,037355;0,033053;0,044120;0,068832;0,013575;0,029343;0,028820;0,054470;0,026140;0,043174;0,036350;0,056441;0,059287;0,048229;0,039704;0,086404;0,018514;0,038518;0,041435;0,027330;0,032603
vsg0000;0,053483;0,065432;0,035876;0,073242;0,036291;0,016210;0,042653;0,042691;0,019498;0,034012;0,031720;0,013720;0,027709;0,097644;0,045120;0,038317;0,048447;0,049807;0,006611;0,063028;0,018772;0,033937;0,070423;0,040348;0,027235;0,032675;0,017270;0,094511;0,042331;0,059287;0,062009;0,052938;0,043202;0,037028;0,070617;0,082870;0,034162;0,084768
van0000;0,100281;0,039259;0,100452;0,042725;0,024194;0,043227;0,049762;0,034153;0,006499;0,062355;0,082472;0,041161;0,034636;0,065096;0,015040;0,057475;0,030279;0,037355;0,019832;0,037817;0,037545;0,027150;0,029343;0,063404;0,027235;0,019605;0,051809;0,021810;0,070552;0,025409;0,103348;0,066173;0,055545;0,037028;0,019259;0,041435;0,040995;0,058685
vmii3p0;0,020056;0,052346;0,064576;0,036621;0,018146;0,048630;0,063980;0,025615;0,032497;0,051018;0,012688;0,089182;0,096980;0,045567;0,052639;0,025544;0,024223;0,093388;0,019832;0,012606;0,081347;0,020362;0,064554;0,023056;0,034044;0,058816;0,043174;0,014540;0,021166;0,025409;0,075789;0,039704;0,049374;0,067884;0,019259;0,059193;0,081990;0,045644
pp3mp00;0,026742;0,019630;0,021525;0,079346;0,006049;0,027017;0,035544;0,076844;0,064994;0,051018;0,038064;0,048021;0,020781;0,019529;0,052639;0,044703;0,084782;0,018678;0,033053;0,025211;0,093861;0,027150;0,058685;0,074932;0,054470;0,058816;0,069079;0,043621;0,084662;0,059287;0,055119;0,013235;0,030858;0,037028;0,032099;0,053273;0,034162;0,039124
pd000;0,040112;0,045803;0,028701;0,048828;0,036291;0,021613;0,042653;0,000000;0,032497;0,073692;0,050752;0,068601;0,048490;0,026038;0,022560;0,038317;0,054503;0,099614;0,026443;0,056725;0,018772;0,081450;0,058685;0,063404;0,013617;0,045746;0,034539;0,094511;0,021166;0,050817;0,048229;0,013235;0,030858;0,055542;0,025679;0,029596;0,040995;0,006521
dp1p;0,026742;0,026173;0,007175;0,067139;0,030243;0,016210;0,014218;0,068306;0,051995;0,022674;0,025376;0,020580;0,083126;0,052077;0,090239;0,006386;0,072670;0,049807;0,052886;0,000000;0,050059;0,027150;0,029343;0,080696;0,081705;0,013070;0,043174;0,058161;0,148159;0,033878;0,041339;0,026469;0,061717;0,030857;0,032099;0,029596;0,047827;0,000000
vaip2p0;0,127022;0,091605;0,050226;0,030518;0,036291;0,048630;0,049762;0,025615;0,051995;0,056686;0,019032;0,034301;0,013854;0,026038;0,022560;0,057475;0,012112;0,043581;0,019832;0,012606;0,012515;0,033937;0,041080;0,074932;0,040852;0,032675;0,069079;0,101781;0,007055;0,008470;0,027560;0,019852;0,055545;0,024685;0,025679;0,065112;0,040995;0,058685
p02cs00;0,020056;0,045803;0,050226;0,030518;0,054437;0,027017;0,021327;0,008538;0,064994;0,028343;0,044408;0,027440;0,027709;0,045567;0,007520;0,044703;0,024223;0,037355;0,039664;0,031514;0,025030;0,067875;0,064554;0,057640;0,061279;0,052281;0,008635;0,029080;0,056441;0,050817;0,041339;0,059555;0,030858;0,030857;0,057777;0,023677;0,040995;0,013041
vmsf1s0;0,066854;0,052346;0,021525;0,036621;0,042340;0,070244;0,085306;0,025615;0,045496;0,017006;0,069784;0,020580;0,041563;0,000000;0,015040;0,006386;0,042391;0,031129;0,006611;0,044120;0,075089;0,033937;0,046948;0,023056;0,040852;0,013070;0,077713;0,021810;0,042331;0,059287;0,041339;0,039704;0,030858;0,030857;0,038518;0,011839;0,027330;0,058685
pp3cpd0;0,020056;0,032716;0,028701;0,085449;0,018146;0,016210;0,021327;0,119536;0,051995;0,056686;0,031720;0,000000;0,034636;0,026038;0,075199;0,000000;0,030279;0,031129;0,019832;0,056725;0,037545;0,020362;0,023474;0,011528;0,061279;0,052281;0,086348;0,021810;0,063497;0,050817;0,048229;0,013235;0,024687;0,037028;0,012839;0,053273;0,006832;0,026082
ncms00v;0,013371;0,013086;0,021525;0,292969;0,030243;0,021613;0,014218;0,025615;0,019498;0,028343;0,069784;0,068601;0,020781;0,019529;0,045120;0,006386;0,018168;0,093388;0,006611;0,012606;0,006257;0,013575;0,011737;0,005764;0,027235;0,039211;0,017270;0,007270;0,042331;0,025409;0,048229;0,006617;0,055545;0,061713;0,032099;0,017758;0,068325;0,006521
pr0ms00;0,033427;0,026173;0,021525;0,042725;0,024194;0,048630;0,042653;0,051230;0,025998;0,011337;0,025376;0,020580;0,034636;0,026038;0,030080;0,019158;0,012112;0,043581;0,046275;0,025211;0,025030;0,040725;0,041080;0,051876;0,034044;0,026140;0,017270;0,065431;0,063497;0,025409;0,034449;0,013235;0,024687;0,030857;0,044938;0,023677;0,040995;0,065206
vmsi3p0;0,073539;0,026173;0,028701;0,048828;0,048388;0,027017;0,056871;0,034153;0,019498;0,039680;0,038064;0,041161;0,055417;0,039057;0,037600;0,006386;0,018168;0,024903;0,026443;0,012606;0,037545;0,013575;0,011737;0,034584;0,054470;0,032675;0,043174;0,007270;0,035276;0,067756;0,041339;0,033086;0,012343;0,012343;0,051358;0,035516;0,020497;0,039124
vmii2s0;0,046798;0,039259;0,057401;0,006104;0,030243;0,021613;0,028435;0,000000;0,084492;0,039680;0,038064;0,013720;0,000000;0,045567;0,015040;0,019158;0,012112;0,068485;0,079328;0,031514;0,018772;0,020362;0,011737;0,011528;0,013617;0,026140;0,025904;0,029080;0,049386;0,042348;0,020670;0,072790;0,024687;0,055542;0,032099;0,059193;0,020497;0,039124
ncmn000;0,033427;0,026173;0,014350;0,000000;0,006049;0,027017;0,035544;0,051230;0,038996;0,051018;0,019032;0,144063;0,027709;0,026038;0,007520;0,019158;0,024223;0,037355;0,019832;0,000000;0,018772;0,047512;0,011737;0,023056;0,013617;0,071886;0,034539;0,065431;0,035276;0,101635;0,027560;0,026469;0,012343;0,049371;0,012839;0,035516;0,047827;0,032603
vmif1p0;0,053483;0,019630;0,014350;0,036621;0,018146;0,048630;0,035544;0,042691;0,064994;0,039680;0,044408;0,054881;0,069271;0,006510;0,037600;0,006386;0,036335;0,018678;0,013221;0,006303;0,025030;0,027150;0,029343;0,051876;0,013617;0,039211;0,025904;0,014540;0,028221;0,016939;0,055119;0,026469;0,024687;0,055542;0,025679;0,047354;0,027330;0,013041
ap0ms1s;0,026742;0,052346;0,028701;0,030518;0,036291;0,097260;0,021327;0,017077;0,045496;0,022674;0,019032;0,054881;0,027709;0,032548;0,000000;0,019158;0,030279;0,043581;0,033053;0,025211;0,012515;0,040725;0,023474;0,034584;0,027235;0,032675;0,043174;0,021810;0,021166;0,042348;0,013780;0,039704;0,018515;0,012343;0,038518;0,035516;0,054660;0,026082
vmsp1p0;0,013371;0,019630;0,007175;0,024414;0,036291;0,037824;0,042653;0,042691;0,071494;0,051018;0,019032;0,048021;0,055417;0,006510;0,060159;0,025544;0,018168;0,031129;0,006611;0,012606;0,018772;0,027150;0,046948;0,023056;0,027235;0,032675;0,017270;0,014540;0,063497;0,016939;0,055119;0,026469;0,012343;0,024685;0,057777;0,035516;0,013665;0,032603
pp3cno0;0,040112;0,039259;0,035876;0,018311;0,060485;0,027017;0,035544;0,008538;0,071494;0,000000;0,019032;0,006860;0,020781;0,019529;0,030080;0,025544;0,030279;0,031129;0,026443;0,044120;0,000000;0,006787;0,011737;0,017292;0,006809;0,052281;0,025904;0,014540;0,035276;0,050817;0,027560;0,033086;0,018515;0,037028;0,044938;0,011839;0,040995;0,032603
di0cs0;0,013371;0,013086;0,021525;0,030518;0,024194;0,021613;0,021327;0,017077;0,038996;0,028343;0,006344;0,020580;0,041563;0,013019;0,007520;0,038317;0,030279;0,018678;0,013221;0,044120;0,031287;0,040725;0,035211;0,046112;0,027235;0,006535;0,043174;0,036350;0,021166;0,050817;0,048229;0,026469;0,018515;0,043199;0,012839;0,017758;0,061492;0,019562
ao000;0,020056;0,045803;0,035876;0,054932;0,006049;0,000000;0,028435;0,034153;0,038996;0,022674;0,012688;0,034301;0,006927;0,071605;0,037600;0,000000;0,024223;0,018678;0,013221;0,031514;0,012515;0,040725;0,005869;0,028820;0,027235;0,058816;0,008635;0,021810;0,091717;0,076226;0,013780;0,019852;0,018515;0,012343;0,025679;0,000000;0,027330;0,039124
pd0cs00;0,033427;0,039259;0,007175;0,018311;0,042340;0,010807;0,028435;0,017077;0,038996;0,034012;0,019032;0,034301;0,013854;0,097644;0,030080;0,025544;0,030279;0,024903;0,006611;0,025211;0,031287;0,027150;0,011737;0,005764;0,013617;0,026140;0,017270;0,007270;0,007055;0,042348;0,000000;0,013235;0,030858;0,030857;0,025679;0,035516;0,061492;0,026082
dd0cp0;0,006685;0,052346;0,014350;0,030518;0,018146;0,005403;0,056871;0,008538;0,025998;0,073692;0,006344;0,034301;0,020781;0,039057;0,007520;0,019158;0,030279;0,037355;0,033053;0,037817;0,025030;0,020362;0,023474;0,023056;0,006809;0,032675;0,043174;0,029080;0,021166;0,025409;0,020670;0,026469;0,000000;0,037028;0,019259;0,035516;0,013665;0,013041
pr000;0,040112;0,013086;0,007175;0,018311;0,024194;0,010807;0,028435;0,093921;0,019498;0,056686;0,031720;0,034301;0,020781;0,026038;0,052639;0,006386;0,024223;0,006226;0,033053;0,000000;0,012515;0,006787;0,017606;0,011528;0,047661;0,013070;0,034539;0,021810;0,042331;0,033878;0,020670;0,006617;0,030858;0,024685;0,025679;0,035516;0,006832;0,026082
vmm03p0;0,006685;0,006543;0,000000;0,018311;0,054437;0,016210;0,042653;0,017077;0,058495;0,056686;0,019032;0,027440;0,062344;0,013019;0,052639;0,019158;0,018168;0,043581;0,013221;0,000000;0,031287;0,033937;0,005869;0,005764;0,040852;0,013070;0,008635;0,014540;0,021166;0,000000;0,062009;0,000000;0,030858;0,018514;0,032099;0,005919;0,000000;0,013041
nc00v;0,000000;0,006543;0,007175;0,079346;0,000000;0,021613;0,142177;0,008538;0,045496;0,051018;0,000000;0,013720;0,013854;0,000000;0,015040;0,000000;0,000000;0,049807;0,006611;0,018908;0,000000;0,108600;0,000000;0,046112;0,027235;0,006535;0,017270;0,007270;0,014110;0,000000;0,068899;0,013235;0,006172;0,024685;0,006420;0,011839;0,020497;0,006521
dp1msp;0,013371;0,006543;0,000000;0,024414;0,012097;0,021613;0,007109;0,034153;0,000000;0,034012;0,031720;0,054881;0,020781;0,006510;0,037600;0,006386;0,072670;0,000000;0,019832;0,000000;0,025030;0,027150;0,041080;0,017292;0,040852;0,032675;0,008635;0,021810;0,042331;0,033878;0,041339;0,013235;0,018515;0,024685;0,006420;0,017758;0,006832;0,032603
ncfn000;0,020056;0,019630;0,014350;0,012207;0,018146;0,070244;0,007109;0,025615;0,012999;0,022674;0,019032;0,020580;0,027709;0,019529;0,000000;0,051089;0,012112;0,018678;0,013221;0,037817;0,062574;0,020362;0,029343;0,017292;0,006809;0,019605;0,025904;0,000000;0,049386;0,025409;0,013780;0,006617;0,006172;0,037028;0,032099;0,017758;0,020497;0,006521
vmsi1s0;0,040112;0,019630;0,021525;0,018311;0,024194;0,000000;0,021327;0,017077;0,012999;0,011337;0,044408;0,020580;0,006927;0,032548;0,030080;0,031931;0,012112;0,037355;0,006611;0,000000;0,018772;0,033937;0,023474;0,023056;0,013617;0,032675;0,017270;0,050891;0,028221;0,016939;0,020670;0,013235;0,006172;0,030857;0,025679;0,011839;0,047827;0,032603
ap03n;0,026742;0,019630;0,000000;0,018311;0,006049;0,016210;0,007109;0,017077;0,019498;0,028343;0,025376;0,006860;0,027709;0,013019;0,007520;0,019158;0,018168;0,018678;0,006611;0,000000;0,018772;0,020362;0,023474;0,017292;0,006809;0,026140;0,034539;0,014540;0,021166;0,042348;0,006890;0,039704;0,018515;0,030857;0,025679;0,035516;0,013665;0,013041
dp2mpp;0,013371;0,006543;0,028701;0,018311;0,018146;0,027017;0,028435;0,034153;0,012999;0,011337;0,000000;0,013720;0,000000;0,019529;0,037600;0,031931;0,036335;0,018678;0,052886;0,000000;0,037545;0,013575;0,011737;0,005764;0,034044;0,000000;0,008635;0,029080;0,028221;0,033878;0,013780;0,006617;0,024687;0,006171;0,025679;0,005919;0,013665;0,013041
ap0ms2s;0,006685;0,006543;0,021525;0,061035;0,030243;0,000000;0,021327;0,000000;0,019498;0,005669;0,012688;0,006860;0,013854;0,006510;0,007520;0,019158;0,018168;0,006226;0,026443;0,025211;0,012515;0,033937;0,046948;0,017292;0,013617;0,032675;0,008635;0,007270;0,021166;0,025409;0,034449;0,013235;0,018515;0,006171;0,012839;0,005919;0,013665;0,006521
vasi1s0;0,040112;0,013086;0,035876;0,012207;0,018146;0,016210;0,007109;0,025615;0,006499;0,022674;0,019032;0,006860;0,027709;0,013019;0,022560;0,012772;0,012112;0,006226;0,006611;0,006303;0,025030;0,006787;0,000000;0,011528;0,000000;0,039211;0,008635;0,021810;0,007055;0,042348;0,013780;0,013235;0,043202;0,012343;0,012839;0,005919;0,013665;0,032603
vsis1s0;0,026742;0,006543;0,028701;0,006104;0,018146;0,010807;0,014218;0,008538;0,006499;0,039680;0,012688;0,027440;0,027709;0,006510;0,000000;0,012772;0,012112;0,006226;0,026443;0,018908;0,031287;0,027150;0,041080;0,034584;0,000000;0,006535;0,008635;0,007270;0,021166;0,008470;0,006890;0,013235;0,012343;0,006171;0,019259;0,005919;0,020497;0,032603
pd0mp00;0,006685;0,006543;0,014350;0,030518;0,012097;0,027017;0,021327;0,017077;0,006499;0,028343;0,006344;0,013720;0,006927;0,006510;0,007520;0,019158;0,006056;0,000000;0,006611;0,025211;0,025030;0,006787;0,011737;0,017292;0,027235;0,006535;0,000000;0,036350;0,014110;0,042348;0,034449;0,026469;0,018515;0,030857;0,000000;0,023677;0,027330;0,006521
pi0cp00;0,013371;0,026173;0,000000;0,006104;0,024194;0,016210;0,021327;0,025615;0,032497;0,011337;0,019032;0,006860;0,006927;0,000000;0,015040;0,012772;0,006056;0,037355;0,019832;0,025211;0,025030;0,000000;0,041080;0,017292;0,020426;0,006535;0,008635;0,007270;0,014110;0,033878;0,020670;0,019852;0,006172;0,006171;0,000000;0,023677;0,027330;0,013041
vmm01p0;0,013371;0,006543;0,000000;0,024414;0,012097;0,016210;0,014218;0,008538;0,012999;0,011337;0,031720;0,041161;0,006927;0,000000;0,045120;0,038317;0,024223;0,012452;0,000000;0,025211;0,000000;0,000000;0,029343;0,023056;0,006809;0,000000;0,000000;0,007270;0,007055;0,050817;0,020670;0,000000;0,006172;0,030857;0,006420;0,017758;0,027330;0,026082
vsis3p0;0,013371;0,032716;0,007175;0,012207;0,018146;0,010807;0,014218;0,042691;0,006499;0,028343;0,019032;0,020580;0,020781;0,026038;0,015040;0,012772;0,018168;0,024903;0,033053;0,006303;0,000000;0,013575;0,005869;0,005764;0,000000;0,032675;0,043174;0,021810;0,007055;0,025409;0,013780;0,013235;0,000000;0,006171;0,006420;0,005919;0,000000;0,039124
vmic3s0;0,013371;0,006543;0,000000;0,006104;0,024194;0,021613;0,028435;0,017077;0,012999;0,034012;0,012688;0,006860;0,020781;0,019529;0,000000;0,038317;0,012112;0,012452;0,006611;0,012606;0,031287;0,020362;0,000000;0,000000;0,013617;0,013070;0,000000;0,014540;0,000000;0,025409;0,020670;0,019852;0,012343;0,000000;0,012839;0,035516;0,034162;0,013041
vsif1s0;0,020056;0,013086;0,014350;0,006104;0,012097;0,000000;0,000000;0,000000;0,006499;0,011337;0,025376;0,000000;0,000000;0,019529;0,015040;0,019158;0,006056;0,012452;0,006611;0,018908;0,018772;0,013575;0,041080;0,028820;0,013617;0,013070;0,017270;0,014540;0,021166;0,008470;0,006890;0,006617;0,012343;0,012343;0,025679;0,005919;0,013665;0,013041
ap02p;0,026742;0,013086;0,028701;0,012207;0,000000;0,027017;0,014218;0,000000;0,006499;0,022674;0,000000;0,000000;0,006927;0,000000;0,015040;0,012772;0,006056;0,018678;0,000000;0,018908;0,006257;0,000000;0,011737;0,011528;0,000000;0,019605;0,008635;0,021810;0,014110;0,033878;0,006890;0,000000;0,000000;0,012343;0,038518;0,017758;0,027330;0,026082
vairess0;0,033427;0,006543;0,014350;0,000000;0,024194;0,010807;0,021327;0,000000;0,032497;0,011337;0,012688;0,006860;0,000000;0,000000;0,000000;0,031931;0,030279;0,012452;0,006611;0,000000;0,000000;0,033937;0,000000;0,000000;0,000000;0,006535;0,034539;0,014540;0,014110;0,008470;0,000000;0,013235;0,012343;0,030857;0,019259;0,017758;0,013665;0,006521
vasp1s0;0,006685;0,013086;0,007175;0,018311;0,012097;0,021613;0,021327;0,000000;0,000000;0,000000;0,006344;0,006860;0,013854;0,013019;0,015040;0,012772;0,006056;0,018678;0,013221;0,012606;0,006257;0,013575;0,005869;0,000000;0,006809;0,013070;0,017270;0,014540;0,007055;0,016939;0,013780;0,026469;0,024687;0,006171;0,032099;0,017758;0,020497;0,019562
vmis1p0;0,006685;0,006543;0,007175;0,030518;0,006049;0,010807;0,014218;0,000000;0,038996;0,034012;0,006344;0,048021;0,000000;0,013019;0,007520;0,000000;0,036335;0,018678;0,013221;0,006303;0,031287;0,006787;0,005869;0,000000;0,000000;0,000000;0,000000;0,007270;0,028221;0,000000;0,013780;0,000000;0,000000;0,006171;0,000000;0,011839;0,027330;0,000000
vssp2s0;0,013371;0,013086;0,014350;0,000000;0,006049;0,010807;0,000000;0,000000;0,019498;0,000000;0,012688;0,006860;0,013854;0,000000;0,015040;0,006386;0,012112;0,012452;0,013221;0,006303;0,012515;0,054300;0,017606;0,011528;0,006809;0,013070;0,017270;0,000000;0,021166;0,025409;0,006890;0,000000;0,018515;0,030857;0,006420;0,029596;0,006832;0,000000
vmic1s0;0,020056;0,019630;0,014350;0,024414;0,030243;0,000000;0,000000;0,000000;0,006499;0,005669;0,012688;0,013720;0,013854;0,006510;0,000000;0,012772;0,024223;0,012452;0,006611;0,018908;0,000000;0,000000;0,005869;0,005764;0,000000;0,019605;0,025904;0,021810;0,007055;0,025409;0,000000;0,013235;0,012343;0,012343;0,012839;0,005919;0,013665;0,026082
vsii3p0;0,006685;0,019630;0,007175;0,012207;0,000000;0,010807;0,007109;0,008538;0,006499;0,051018;0,006344;0,000000;0,013854;0,013019;0,015040;0,012772;0,000000;0,000000;0,006611;0,012606;0,018772;0,000000;0,000000;0,011528;0,006809;0,032675;0,008635;0,007270;0,014110;0,000000;0,006890;0,013235;0,012343;0,006171;0,012839;0,017758;0,013665;0,006521
ap0ms3n;0,020056;0,000000;0,000000;0,024414;0,024194;0,005403;0,000000;0,025615;0,012999;0,005669;0,006344;0,020580;0,000000;0,019529;0,007520;0,006386;0,000000;0,000000;0,006611;0,006303;0,000000;0,000000;0,035211;0,011528;0,006809;0,013070;0,008635;0,000000;0,007055;0,025409;0,013780;0,013235;0,018515;0,006171;0,012839;0,011839;0,013665;0,000000
vaii3s0;0,026742;0,013086;0,021525;0,000000;0,000000;0,005403;0,014218;0,000000;0,006499;0,011337;0,012688;0,027440;0,006927;0,026038;0,015040;0,019158;0,006056;0,006226;0,006611;0,018908;0,006257;0,006787;0,000000;0,000000;0,013617;0,013070;0,000000;0,007270;0,000000;0,025409;0,013780;0,006617;0,012343;0,006171;0,006420;0,005919;0,000000;0,026082
vsiresp0;0,013371;0,013086;0,014350;0,012207;0,000000;0,000000;0,007109;0,017077;0,019498;0,005669;0,019032;0,000000;0,013854;0,006510;0,030080;0,000000;0,000000;0,006226;0,006611;0,025211;0,000000;0,013575;0,011737;0,005764;0,013617;0,019605;0,000000;0,000000;0,028221;0,016939;0,006890;0,006617;0,000000;0,006171;0,006420;0,017758;0,027330;0,006521
pd0cp00;0,006685;0,006543;0,021525;0,018311;0,006049;0,005403;0,028435;0,008538;0,019498;0,000000;0,006344;0,013720;0,006927;0,006510;0,000000;0,000000;0,012112;0,018678;0,000000;0,025211;0,012515;0,006787;0,005869;0,017292;0,020426;0,000000;0,017270;0,007270;0,000000;0,016939;0,013780;0,000000;0,012343;0,012343;0,006420;0,005919;0,013665;0,006521
pr0mp00;0,020056;0,000000;0,000000;0,006104;0,012097;0,000000;0,014218;0,051230;0,000000;0,011337;0,019032;0,013720;0,013854;0,000000;0,007520;0,000000;0,012112;0,018678;0,019832;0,000000;0,000000;0,000000;0,017606;0,000000;0,006809;0,013070;0,000000;0,000000;0,035276;0,016939;0,006890;0,000000;0,024687;0,006171;0,012839;0,005919;0,006832;0,019562
ap02s;0,000000;0,000000;0,014350;0,006104;0,012097;0,010807;0,000000;0,000000;0,006499;0,011337;0,012688;0,013720;0,006927;0,006510;0,007520;0,012772;0,006056;0,018678;0,006611;0,012606;0,012515;0,006787;0,011737;0,005764;0,013617;0,026140;0,000000;0,007270;0,000000;0,000000;0,013780;0,006617;0,018515;0,018514;0,000000;0,023677;0,013665;0,013041
ap0ms2p;0,006685;0,019630;0,014350;0,006104;0,012097;0,016210;0,007109;0,000000;0,019498;0,028343;0,006344;0,000000;0,013854;0,013019;0,015040;0,025544;0,024223;0,024903;0,006611;0,006303;0,006257;0,000000;0,005869;0,011528;0,000000;0,006535;0,000000;0,014540;0,000000;0,000000;0,000000;0,000000;0,000000;0,000000;0,012839;0,011839;0,013665;0,006521
vsioss0;0,026742;0,019630;0,000000;0,012207;0,000000;0,016210;0,000000;0,000000;0,006499;0,005669;0,012688;0,013720;0,013854;0,013019;0,007520;0,000000;0,042391;0,000000;0,000000;0,012606;0,025030;0,013575;0,000000;0,017292;0,013617;0,013070;0,008635;0,000000;0,000000;0,008470;0,013780;0,000000;0,018515;0,006171;0,000000;0,005919;0,013665;0,000000
vsip1p0;0,013371;0,019630;0,014350;0,012207;0,000000;0,016210;0,007109;0,008538;0,019498;0,011337;0,006344;0,013720;0,020781;0,000000;0,015040;0,006386;0,012112;0,006226;0,006611;0,006303;0,018772;0,006787;0,011737;0,000000;0,000000;0,013070;0,017270;0,014540;0,007055;0,016939;0,027560;0,000000;0,006172;0,006171;0,000000;0,005919;0,006832;0,000000
vmsoss0;0,000000;0,006543;0,014350;0,012207;0,006049;0,010807;0,000000;0,008538;0,012999;0,011337;0,006344;0,000000;0,000000;0,006510;0,000000;0,006386;0,012112;0,006226;0,006611;0,000000;0,006257;0,000000;0,023474;0,034584;0,034044;0,013070;0,017270;0,000000;0,028221;0,008470;0,006890;0,013235;0,000000;0,000000;0,012839;0,000000;0,020497;0,006521
dp1mpp;0,013371;0,006543;0,007175;0,018311;0,000000;0,005403;0,021327;0,008538;0,006499;0,005669;0,019032;0,020580;0,000000;0,000000;0,000000;0,006386;0,030279;0,012452;0,019832;0,012606;0,012515;0,006787;0,000000;0,000000;0,027235;0,006535;0,000000;0,000000;0,035276;0,008470;0,000000;0,000000;0,006172;0,006171;0,000000;0,005919;0,020497;0,000000
pp1mp00;0,000000;0,000000;0,000000;0,006104;0,006049;0,005403;0,007109;0,034153;0,006499;0,011337;0,000000;0,061741;0,020781;0,006510;0,015040;0,000000;0,012112;0,012452;0,000000;0,000000;0,012515;0,006787;0,011737;0,017292;0,006809;0,013070;0,000000;0,007270;0,007055;0,008470;0,000000;0,006617;0,012343;0,006171;0,000000;0,005919;0,000000;0,000000
vsic1s0;0,006685;0,000000;0,035876;0,000000;0,000000;0,010807;0,014218;0,000000;0,000000;0,000000;0,006344;0,000000;0,006927;0,000000;0,022560;0,006386;0,006056;0,012452;0,000000;0,006303;0,018772;0,013575;0,005869;0,017292;0,000000;0,013070;0,017270;0,007270;0,007055;0,025409;0,006890;0,006617;0,018515;0,006171;0,006420;0,023677;0,000000;0,000000
pt0ms00;0,000000;0,026173;0,000000;0,012207;0,000000;0,000000;0,000000;0,000000;0,012999;0,011337;0,019032;0,006860;0,006927;0,000000;0,007520;0,025544;0,000000;0,012452;0,006611;0,000000;0,006257;0,006787;0,000000;0,005764;0,013617;0,006535;0,000000;0,014540;0,007055;0,000000;0,013780;0,006617;0,000000;0,018514;0,000000;0,011839;0,020497;0,006521
pp2mp00;0,006685;0,000000;0,000000;0,012207;0,006049;0,000000;0,000000;0,017077;0,000000;0,005669;0,006344;0,048021;0,006927;0,000000;0,030080;0,006386;0,048447;0,006226;0,000000;0,006303;0,006257;0,013575;0,000000;0,017292;0,006809;0,000000;0,000000;0,000000;0,007055;0,000000;0,006890;0,006617;0,012343;0,000000;0,000000;0,000000;0,000000;0,000000
vssf1s0;0,020056;0,006543;0,014350;0,006104;0,006049;0,010807;0,014218;0,000000;0,000000;0,011337;0,000000;0,000000;0,000000;0,006510;0,007520;0,006386;0,000000;0,012452;0,013221;0,000000;0,012515;0,000000;0,011737;0,005764;0,000000;0,006535;0,000000;0,007270;0,007055;0,008470;0,006890;0,006617;0,006172;0,006171;0,019259;0,005919;0,013665;0,006521
vssi3p0;0,013371;0,000000;0,007175;0,018311;0,012097;0,000000;0,007109;0,000000;0,006499;0,017006;0,006344;0,000000;0,006927;0,013019;0,007520;0,012772;0,000000;0,000000;0,000000;0,000000;0,006257;0,000000;0,005869;0,005764;0,000000;0,019605;0,008635;0,000000;0,035276;0,008470;0,013780;0,006617;0,000000;0,000000;0,012839;0,011839;0,000000;0,006521
vssp3p0;0,006685;0,006543;0,014350;0,012207;0,000000;0,000000;0,028435;0,017077;0,000000;0,005669;0,006344;0,006860;0,000000;0,006510;0,015040;0,000000;0,006056;0,006226;0,000000;0,000000;0,006257;0,000000;0,005869;0,023056;0,006809;0,013070;0,000000;0,007270;0,028221;0,008470;0,000000;0,006617;0,000000;0,006171;0,006420;0,011839;0,000000;0,000000
ap0mp1s;0,006685;0,000000;0,000000;0,030518;0,006049;0,005403;0,000000;0,000000;0,012999;0,000000;0,006344;0,006860;0,000000;0,000000;0,007520;0,006386;0,000000;0,006226;0,006611;0,000000;0,006257;0,020362;0,017606;0,005764;0,006809;0,000000;0,000000;0,014540;0,000000;0,000000;0,006890;0,026469;0,006172;0,000000;0,000000;0,011839;0,006832;0,006521
ao0mp00;0,006685;0,006543;0,000000;0,012207;0,006049;0,000000;0,000000;0,000000;0,000000;0,005669;0,006344;0,000000;0,000000;0,013019;0,000000;0,006386;0,012112;0,000000;0,013221;0,000000;0,006257;0,006787;0,005869;0,005764;0,006809;0,013070;0,008635;0,007270;0,000000;0,016939;0,013780;0,006617;0,000000;0,006171;0,000000;0,017758;0,000000;0,013041
vasp2s0;0,006685;0,000000;0,007175;0,006104;0,012097;0,005403;0,000000;0,008538;0,000000;0,000000;0,000000;0,000000;0,000000;0,000000;0,000000;0,012772;0,006056;0,006226;0,000000;0,018908;0,018772;0,006787;0,011737;0,000000;0,006809;0,013070;0,000000;0,007270;0,014110;0,008470;0,000000;0,013235;0,000000;0,000000;0,000000;0,000000;0,006832;0,013041
vssi2s0;0,000000;0,000000;0,000000;0,000000;0,006049;0,010807;0,000000;0,008538;0,000000;0,000000;0,006344;0,000000;0,020781;0,013019;0,000000;0,000000;0,000000;0,000000;0,006611;0,025211;0,000000;0,013575;0,011737;0,000000;0,006809;0,000000;0,000000;0,000000;0,007055;0,000000;0,000000;0,006617;0,012343;0,012343;0,006420;0,005919;0,006832;0,019562
aqs00;0,000000;0,000000;0,000000;0,000000;0,006049;0,010807;0,021327;0,008538;0,012999;0,017006;0,006344;0,013720;0,000000;0,000000;0,022560;0,000000;0,000000;0,000000;0,000000;0,000000;0,000000;0,013575;0,017606;0,000000;0,027235;0,006535;0,000000;0,000000;0,000000;0,000000;0,000000;0,000000;0,000000;0,000000;0,000000;0,011839;0,000000;0,006521
vssp2p0;0,006685;0,000000;0,007175;0,006104;0,006049;0,000000;0,000000;0,008538;0,000000;0,017006;0,006344;0,000000;0,006927;0,000000;0,007520;0,006386;0,000000;0,024903;0,000000;0,000000;0,000000;0,006787;0,005869;0,000000;0,000000;0,032675;0,000000;0,007270;0,000000;0,000000;0,000000;0,000000;0,000000;0,030857;0,000000;0,005919;0,006832;0,000000
ap01p;0,000000;0,006543;0,000000;0,012207;0,000000;0,000000;0,000000;0,000000;0,006499;0,005669;0,000000;0,006860;0,000000;0,000000;0,000000;0,006386;0,012112;0,000000;0,000000;0,000000;0,012515;0,000000;0,011737;0,005764;0,013617;0,006535;0,000000;0,000000;0,007055;0,008470;0,006890;0,006617;0,012343;0,000000;0,006420;0,011839;0,000000;0,026082
vaip1p0;0,000000;0,000000;0,000000;0,000000;0,012097;0,000000;0,000000;0,000000;0,000000;0,011337;0,012688;0,013720;0,013854;0,000000;0,007520;0,006386;0,006056;0,006226;0,013221;0,000000;0,018772;0,000000;0,017606;0,005764;0,000000;0,000000;0,008635;0,000000;0,000000;0,000000;0,006890;0,000000;0,006172;0,006171;0,000000;0,005919;0,000000;0,006521
ncmp00v;0,000000;0,000000;0,000000;0,000000;0,006049;0,000000;0,000000;0,008538;0,006499;0,017006;0,019032;0,013720;0,000000;0,000000;0,007520;0,000000;0,006056;0,024903;0,000000;0,000000;0,000000;0,013575;0,000000;0,005764;0,000000;0,006535;0,000000;0,000000;0,000000;0,016939;0,000000;0,006617;0,000000;0,006171;0,000000;0,000000;0,020497;0,000000
aqv00;0,000000;0,000000;0,000000;0,073242;0,000000;0,000000;0,000000;0,000000;0,000000;0,000000;0,000000;0,000000;0,000000;0,000000;0,000000;0,000000;0,000000;0,000000;0,000000;0,000000;0,000000;0,081450;0,000000;0,000000;0,000000;0,000000;0,017270;0,000000;0,000000;0,000000;0,000000;0,000000;0,000000;0,006171;0,000000;0,000000;0,000000;0,000000
vsis2s0;0,000000;0,006543;0,021525;0,000000;0,000000;0,016210;0,000000;0,000000;0,006499;0,005669;0,000000;0,006860;0,000000;0,006510;0,007520;0,000000;0,000000;0,012452;0,006611;0,012606;0,000000;0,000000;0,017606;0,005764;0,013617;0,000000;0,000000;0,000000;0,000000;0,008470;0,000000;0,000000;0,000000;0,012343;0,006420;0,000000;0,000000;0,000000
vag0000;0,000000;0,000000;0,007175;0,000000;0,000000;0,010807;0,014218;0,000000;0,000000;0,005669;0,012688;0,006860;0,000000;0,006510;0,000000;0,000000;0,012112;0,000000;0,019832;0,000000;0,006257;0,000000;0,011737;0,017292;0,000000;0,006535;0,000000;0,007270;0,000000;0,000000;0,000000;0,000000;0,006172;0,000000;0,000000;0,005919;0,000000;0,006521
ap0ms1p;0,006685;0,000000;0,000000;0,006104;0,006049;0,005403;0,000000;0,000000;0,000000;0,000000;0,000000;0,027440;0,006927;0,006510;0,000000;0,006386;0,006056;0,024903;0,000000;0,000000;0,000000;0,000000;0,011737;0,005764;0,020426;0,000000;0,008635;0,000000;0,000000;0,000000;0,000000;0,000000;0,000000;0,000000;0,000000;0,005919;0,000000;0,000000
nccn000;0,000000;0,000000;0,007175;0,000000;0,048388;0,000000;0,000000;0,017077;0,006499;0,000000;0,000000;0,000000;0,000000;0,000000;0,000000;0,000000;0,000000;0,006226;0,000000;0,000000;0,000000;0,006787;0,005869;0,000000;0,000000;0,000000;0,000000;0,000000;0,000000;0,025409;0,006890;0,000000;0,006172;0,012343;0,000000;0,000000;0,000000;0,013041
aqsms00;0,000000;0,000000;0,000000;0,000000;0,000000;0,000000;0,000000;0,000000;0,006499;0,000000;0,000000;0,013720;0,048490;0,000000;0,000000;0,000000;0,000000;0,000000;0,006611;0,000000;0,000000;0,013575;0,017606;0,011528;0,000000;0,000000;0,000000;0,029080;0,000000;0,000000;0,000000;0,000000;0,000000;0,006171;0,000000;0,000000;0,000000;0,000000
di0cp0;0,006685;0,000000;0,000000;0,000000;0,012097;0,000000;0,007109;0,008538;0,000000;0,005669;0,000000;0,000000;0,006927;0,006510;0,007520;0,000000;0,006056;0,000000;0,000000;0,000000;0,000000;0,006787;0,000000;0,000000;0,020426;0,006535;0,008635;0,007270;0,007055;0,000000;0,006890;0,006617;0,012343;0,000000;0,000000;0,000000;0,000000;0,000000
vmic2s0;0,000000;0,000000;0,000000;0,006104;0,012097;0,000000;0,000000;0,000000;0,000000;0,005669;0,000000;0,013720;0,006927;0,000000;0,000000;0,000000;0,000000;0,000000;0,013221;0,000000;0,012515;0,006787;0,005869;0,005764;0,006809;0,006535;0,000000;0,000000;0,000000;0,008470;0,000000;0,006617;0,006172;0,000000;0,000000;0,000000;0,006832;0,006521
vasi2s0;0,000000;0,000000;0,000000;0,000000;0,000000;0,010807;0,000000;0,000000;0,000000;0,005669;0,012688;0,000000;0,000000;0,000000;0,000000;0,000000;0,006056;0,000000;0,006611;0,012606;0,012515;0,006787;0,005869;0,005764;0,006809;0,006535;0,000000;0,000000;0,000000;0,000000;0,000000;0,006617;0,000000;0,006171;0,000000;0,000000;0,000000;0,006521
vsiosp0;0,013371;0,000000;0,000000;0,000000;0,000000;0,005403;0,000000;0,000000;0,006499;0,000000;0,000000;0,000000;0,000000;0,000000;0,015040;0,006386;0,000000;0,006226;0,006611;0,000000;0,000000;0,000000;0,011737;0,005764;0,000000;0,006535;0,008635;0,007270;0,007055;0,000000;0,000000;0,006617;0,000000;0,000000;0,006420;0,005919;0,000000;0,000000
vmsi1p0;0,000000;0,006543;0,000000;0,006104;0,006049;0,000000;0,007109;0,000000;0,000000;0,005669;0,000000;0,000000;0,000000;0,000000;0,000000;0,000000;0,006056;0,006226;0,000000;0,000000;0,006257;0,000000;0,000000;0,000000;0,006809;0,006535;0,017270;0,000000;0,007055;0,000000;0,000000;0,000000;0,000000;0,000000;0,012839;0,000000;0,013665;0,006521
ap0resn;0,006685;0,000000;0,000000;0,000000;0,000000;0,005403;0,000000;0,000000;0,006499;0,011337;0,000000;0,000000;0,000000;0,000000;0,007520;0,000000;0,006056;0,006226;0,000000;0,006303;0,000000;0,006787;0,000000;0,000000;0,000000;0,000000;0,000000;0,000000;0,021166;0,000000;0,006890;0,000000;0,006172;0,000000;0,006420;0,005919;0,000000;0,000000
aq00000;0,000000;0,000000;0,000000;0,000000;0,012097;0,010807;0,000000;0,000000;0,000000;0,005669;0,006344;0,000000;0,013854;0,000000;0,000000;0,000000;0,006056;0,006226;0,000000;0,000000;0,006257;0,000000;0,005869;0,000000;0,013617;0,000000;0,000000;0,000000;0,007055;0,000000;0,013780;0,000000;0,000000;0,000000;0,000000;0,000000;0,000000;0,000000
de0ms0;0,000000;0,000000;0,000000;0,000000;0,012097;0,000000;0,007109;0,000000;0,006499;0,005669;0,000000;0,000000;0,000000;0,000000;0,000000;0,006386;0,000000;0,006226;0,013221;0,000000;0,000000;0,000000;0,005869;0,000000;0,006809;0,006535;0,000000;0,000000;0,000000;0,000000;0,013780;0,006617;0,000000;0,000000;0,000000;0,000000;0,006832;0,006521
dt0cs0;0,006685;0,000000;0,007175;0,012207;0,006049;0,000000;0,000000;0,000000;0,006499;0,000000;0,019032;0,000000;0,006927;0,000000;0,000000;0,006386;0,000000;0,000000;0,000000;0,000000;0,000000;0,000000;0,000000;0,000000;0,006809;0,000000;0,000000;0,000000;0,000000;0,008470;0,000000;0,006617;0,000000;0,000000;0,012839;0,000000;0,000000;0,006521
vmic3p0;0,033427;0,000000;0,000000;0,000000;0,000000;0,010807;0,000000;0,000000;0,006499;0,000000;0,000000;0,000000;0,006927;0,000000;0,000000;0,000000;0,000000;0,000000;0,000000;0,000000;0,000000;0,000000;0,000000;0,000000;0,000000;0,000000;0,008635;0,000000;0,000000;0,000000;0,000000;0,006617;0,006172;0,000000;0,000000;0,011839;0,006832;0,013041
vmis2p0;0,000000;0,000000;0,007175;0,000000;0,000000;0,000000;0,000000;0,017077;0,000000;0,017006;0,000000;0,000000;0,000000;0,000000;0,000000;0,000000;0,000000;0,000000;0,000000;0,006303;0,006257;0,000000;0,005869;0,000000;0,000000;0,006535;0,034539;0,021810;0,000000;0,000000;0,000000;0,000000;0,000000;0,000000;0,000000;0,000000;0,000000;0,000000
vsm02s0;0,006685;0,006543;0,007175;0,000000;0,000000;0,000000;0,000000;0,000000;0,006499;0,005669;0,000000;0,000000;0,000000;0,006510;0,007520;0,000000;0,006056;0,000000;0,000000;0,000000;0,012515;0,000000;0,000000;0,005764;0,006809;0,000000;0,000000;0,000000;0,000000;0,000000;0,000000;0,019852;0,000000;0,000000;0,000000;0,000000;0,006832;0,006521
ap0mp2s;0,000000;0,006543;0,000000;0,000000;0,000000;0,005403;0,000000;0,008538;0,000000;0,005669;0,000000;0,000000;0,000000;0,000000;0,000000;0,000000;0,000000;0,012452;0,000000;0,006303;0,000000;0,006787;0,005869;0,000000;0,013617;0,006535;0,000000;0,000000;0,000000;0,000000;0,000000;0,006617;0,012343;0,006171;0,000000;0,000000;0,000000;0,000000
vmsresp0;0,000000;0,000000;0,000000;0,006104;0,006049;0,005403;0,000000;0,008538;0,000000;0,000000;0,012688;0,000000;0,000000;0,006510;0,000000;0,000000;0,000000;0,000000;0,000000;0,006303;0,012515;0,000000;0,000000;0,000000;0,000000;0,000000;0,000000;0,000000;0,000000;0,008470;0,000000;0,006617;0,000000;0,006171;0,000000;0,000000;0,020497;0,000000
vasp3p0;0,000000;0,000000;0,007175;0,000000;0,000000;0,000000;0,000000;0,017077;0,000000;0,011337;0,000000;0,000000;0,000000;0,000000;0,000000;0,000000;0,000000;0,000000;0,006611;0,006303;0,012515;0,000000;0,000000;0,011528;0,000000;0,006535;0,000000;0,007270;0,000000;0,000000;0,013780;0,000000;0,000000;0,000000;0,000000;0,000000;0,000000;0,000000
de00;0,000000;0,000000;0,014350;0,018311;0,000000;0,000000;0,000000;0,000000;0,012999;0,000000;0,000000;0,000000;0,000000;0,000000;0,000000;0,012772;0,000000;0,000000;0,006611;0,000000;0,000000;0,000000;0,000000;0,000000;0,000000;0,006535;0,000000;0,000000;0,000000;0,000000;0,000000;0,006617;0,000000;0,000000;0,000000;0,011839;0,000000;0,000000
vairesp0;0,000000;0,000000;0,000000;0,000000;0,000000;0,000000;0,000000;0,000000;0,006499;0,011337;0,000000;0,006860;0,000000;0,006510;0,007520;0,000000;0,000000;0,000000;0,000000;0,000000;0,006257;0,006787;0,005869;0,005764;0,000000;0,006535;0,000000;0,007270;0,000000;0,000000;0,006890;0,000000;0,000000;0,006171;0,000000;0,000000;0,000000;0,000000
vsm03s0;0,000000;0,000000;0,000000;0,000000;0,000000;0,000000;0,000000;0,008538;0,000000;0,011337;0,000000;0,000000;0,000000;0,000000;0,000000;0,019158;0,000000;0,000000;0,000000;0,000000;0,006257;0,000000;0,000000;0,005764;0,000000;0,000000;0,000000;0,000000;0,007055;0,008470;0,000000;0,000000;0,000000;0,006171;0,019259;0,000000;0,000000;0,000000
ap0mp3n;0,000000;0,000000;0,000000;0,006104;0,000000;0,000000;0,007109;0,000000;0,000000;0,000000;0,006344;0,000000;0,006927;0,000000;0,000000;0,006386;0,000000;0,012452;0,000000;0,000000;0,000000;0,013575;0,000000;0,000000;0,000000;0,013070;0,000000;0,000000;0,000000;0,008470;0,000000;0,000000;0,000000;0,006171;0,000000;0,000000;0,000000;0,000000
p01cp00;0,000000;0,000000;0,000000;0,000000;0,000000;0,005403;0,007109;0,000000;0,006499;0,000000;0,000000;0,006860;0,006927;0,000000;0,000000;0,006386;0,000000;0,000000;0,000000;0,000000;0,006257;0,000000;0,005869;0,000000;0,000000;0,000000;0,000000;0,007270;0,007055;0,000000;0,000000;0,000000;0,000000;0,012343;0,000000;0,000000;0,006832;0,000000
vasi3p0;0,000000;0,000000;0,007175;0,006104;0,000000;0,000000;0,000000;0,008538;0,000000;0,000000;0,000000;0,000000;0,000000;0,000000;0,000000;0,000000;0,000000;0,000000;0,006611;0,006303;0,006257;0,000000;0,000000;0,005764;0,000000;0,000000;0,000000;0,000000;0,000000;0,000000;0,013780;0,000000;0,006172;0,006171;0,000000;0,005919;0,000000;0,006521
vmii1p0;0,000000;0,006543;0,000000;0,000000;0,000000;0,000000;0,000000;0,000000;0,006499;0,005669;0,000000;0,000000;0,000000;0,006510;0,007520;0,000000;0,000000;0,000000;0,000000;0,000000;0,000000;0,000000;0,000000;0,005764;0,000000;0,013070;0,008635;0,000000;0,007055;0,000000;0,000000;0,000000;0,000000;0,000000;0,000000;0,000000;0,000000;0,019562
pt0mp00;0,000000;0,000000;0,000000;0,000000;0,000000;0,005403;0,000000;0,000000;0,000000;0,000000;0,000000;0,027440;0,000000;0,000000;0,000000;0,006386;0,000000;0,000000;0,000000;0,006303;0,000000;0,000000;0,005869;0,005764;0,000000;0,000000;0,000000;0,000000;0,007055;0,000000;0,013780;0,000000;0,000000;0,000000;0,000000;0,000000;0,000000;0,000000
pt0cp00;0,000000;0,006543;0,000000;0,000000;0,006049;0,000000;0,000000;0,000000;0,000000;0,000000;0,000000;0,006860;0,006927;0,000000;0,000000;0,006386;0,000000;0,000000;0,006611;0,000000;0,000000;0,006787;0,005869;0,000000;0,000000;0,000000;0,000000;0,000000;0,007055;0,000000;0,000000;0,000000;0,006172;0,000000;0,000000;0,000000;0,000000;0,006521
pp200;0,006685;0,000000;0,000000;0,000000;0,000000;0,000000;0,000000;0,008538;0,000000;0,000000;0,000000;0,000000;0,000000;0,000000;0,000000;0,000000;0,000000;0,006226;0,000000;0,012606;0,000000;0,000000;0,000000;0,005764;0,000000;0,006535;0,000000;0,000000;0,007055;0,000000;0,006890;0,000000;0,000000;0,000000;0,000000;0,000000;0,000000;0,006521
pr0cp00;0,000000;0,000000;0,000000;0,006104;0,000000;0,005403;0,000000;0,000000;0,000000;0,000000;0,000000;0,013720;0,000000;0,000000;0,000000;0,000000;0,000000;0,000000;0,000000;0,000000;0,000000;0,000000;0,000000;0,000000;0,013617;0,000000;0,000000;0,000000;0,000000;0,000000;0,013780;0,000000;0,006172;0,000000;0,000000;0,000000;0,000000;0,006521
vaioss0;0,006685;0,006543;0,000000;0,012207;0,000000;0,000000;0,000000;0,000000;0,000000;0,011337;0,000000;0,000000;0,000000;0,000000;0,000000;0,000000;0,000000;0,000000;0,000000;0,000000;0,000000;0,006787;0,000000;0,000000;0,006809;0,000000;0,008635;0,000000;0,000000;0,000000;0,000000;0,000000;0,006172;0,000000;0,000000;0,000000;0,000000;0,000000
ap0mp2p;0,000000;0,000000;0,000000;0,000000;0,006049;0,000000;0,000000;0,000000;0,006499;0,000000;0,000000;0,000000;0,000000;0,006510;0,000000;0,000000;0,000000;0,006226;0,006611;0,000000;0,006257;0,000000;0,000000;0,000000;0,000000;0,000000;0,000000;0,000000;0,007055;0,008470;0,000000;0,000000;0,000000;0,000000;0,000000;0,000000;0,006832;0,000000
aqvms00;0,000000;0,000000;0,000000;0,000000;0,000000;0,000000;0,007109;0,000000;0,006499;0,000000;0,000000;0,006860;0,020781;0,000000;0,000000;0,006386;0,006056;0,000000;0,000000;0,000000;0,000000;0,000000;0,000000;0,000000;0,000000;0,000000;0,000000;0,000000;0,000000;0,000000;0,000000;0,000000;0,000000;0,006171;0,000000;0,000000;0,000000;0,000000
de0cs0;0,000000;0,006543;0,000000;0,006104;0,006049;0,000000;0,000000;0,000000;0,000000;0,000000;0,000000;0,000000;0,000000;0,006510;0,000000;0,006386;0,000000;0,000000;0,000000;0,000000;0,000000;0,000000;0,000000;0,005764;0,000000;0,000000;0,008635;0,000000;0,014110;0,000000;0,000000;0,000000;0,000000;0,000000;0,000000;0,000000;0,000000;0,000000
dt00;0,000000;0,006543;0,000000;0,000000;0,006049;0,000000;0,000000;0,000000;0,006499;0,000000;0,000000;0,006860;0,000000;0,006510;0,000000;0,000000;0,000000;0,000000;0,000000;0,000000;0,000000;0,000000;0,000000;0,005764;0,000000;0,000000;0,000000;0,000000;0,000000;0,000000;0,000000;0,000000;0,000000;0,006171;0,000000;0,005919;0,000000;0,006521
vam02p0;0,000000;0,006543;0,007175;0,000000;0,000000;0,000000;0,000000;0,000000;0,000000;0,000000;0,000000;0,000000;0,000000;0,000000;0,007520;0,000000;0,000000;0,006226;0,013221;0,000000;0,000000;0,006787;0,000000;0,000000;0,000000;0,000000;0,000000;0,000000;0,000000;0,000000;0,000000;0,000000;0,000000;0,000000;0,006420;0,005919;0,000000;0,000000
vmsp1s0;0,000000;0,000000;0,000000;0,000000;0,000000;0,005403;0,000000;0,000000;0,006499;0,000000;0,000000;0,000000;0,000000;0,000000;0,000000;0,006386;0,000000;0,000000;0,000000;0,000000;0,000000;0,000000;0,011737;0,000000;0,006809;0,000000;0,008635;0,000000;0,000000;0,000000;0,000000;0,000000;0,006172;0,000000;0,000000;0,005919;0,000000;0,000000
vaii2s0;0,000000;0,006543;0,000000;0,000000;0,000000;0,005403;0,000000;0,000000;0,006499;0,000000;0,000000;0,000000;0,000000;0,000000;0,000000;0,000000;0,000000;0,000000;0,000000;0,000000;0,000000;0,000000;0,000000;0,000000;0,000000;0,000000;0,000000;0,000000;0,000000;0,000000;0,013780;0,006617;0,006172;0,006171;0,000000;0,000000;0,000000;0,000000
ap0mp1p;0,006685;0,000000;0,000000;0,000000;0,000000;0,000000;0,000000;0,017077;0,000000;0,000000;0,000000;0,000000;0,000000;0,006510;0,007520;0,000000;0,000000;0,000000;0,000000;0,000000;0,000000;0,000000;0,000000;0,000000;0,000000;0,000000;0,000000;0,000000;0,014110;0,000000;0,000000;0,000000;0,000000;0,000000;0,000000;0,000000;0,000000;0,000000
de0mp0;0,000000;0,000000;0,000000;0,000000;0,000000;0,000000;0,000000;0,000000;0,006499;0,005669;0,006344;0,000000;0,000000;0,000000;0,000000;0,000000;0,000000;0,000000;0,000000;0,000000;0,000000;0,000000;0,000000;0,005764;0,006809;0,000000;0,000000;0,000000;0,000000;0,000000;0,000000;0,006617;0,000000;0,000000;0,000000;0,000000;0,006832;0,000000
vaii3p0;0,000000;0,006543;0,000000;0,000000;0,000000;0,000000;0,014218;0,000000;0,000000;0,000000;0,000000;0,000000;0,000000;0,006510;0,000000;0,000000;0,000000;0,000000;0,000000;0,000000;0,000000;0,000000;0,000000;0,000000;0,006809;0,000000;0,000000;0,000000;0,000000;0,000000;0,006890;0,000000;0,000000;0,006171;0,000000;0,000000;0,000000;0,000000
vsif1p0;0,000000;0,000000;0,000000;0,000000;0,006049;0,000000;0,000000;0,000000;0,012999;0,000000;0,006344;0,000000;0,000000;0,000000;0,000000;0,000000;0,000000;0,000000;0,000000;0,000000;0,000000;0,000000;0,000000;0,000000;0,000000;0,000000;0,000000;0,000000;0,007055;0,000000;0,000000;0,013235;0,000000;0,000000;0,000000;0,000000;0,000000;0,000000
vsii2s0;0,000000;0,006543;0,007175;0,000000;0,000000;0,000000;0,000000;0,000000;0,000000;0,000000;0,000000;0,000000;0,000000;0,000000;0,000000;0,000000;0,006056;0,000000;0,026443;0,000000;0,000000;0,000000;0,000000;0,000000;0,000000;0,000000;0,000000;0,000000;0,000000;0,000000;0,000000;0,000000;0,000000;0,000000;0,000000;0,000000;0,000000;0,000000
dt0mp0;0,000000;0,000000;0,000000;0,000000;0,000000;0,000000;0,000000;0,000000;0,000000;0,000000;0,000000;0,000000;0,000000;0,000000;0,000000;0,000000;0,000000;0,000000;0,006611;0,000000;0,012515;0,000000;0,000000;0,000000;0,000000;0,000000;0,000000;0,000000;0,000000;0,000000;0,000000;0,000000;0,000000;0,006171;0,006420;0,000000;0,000000;0,006521
pp100;0,000000;0,000000;0,000000;0,000000;0,000000;0,005403;0,000000;0,008538;0,000000;0,000000;0,000000;0,000000;0,000000;0,000000;0,007520;0,000000;0,000000;0,012452;0,000000;0,000000;0,000000;0,000000;0,000000;0,000000;0,000000;0,000000;0,000000;0,000000;0,000000;0,000000;0,000000;0,000000;0,000000;0,000000;0,006420;0,000000;0,000000;0,000000
vaiosp0;0,000000;0,006543;0,000000;0,000000;0,006049;0,000000;0,000000;0,000000;0,006499;0,005669;0,000000;0,000000;0,000000;0,000000;0,000000;0,006386;0,000000;0,000000;0,000000;0,000000;0,000000;0,000000;0,000000;0,000000;0,000000;0,000000;0,008635;0,000000;0,000000;0,000000;0,000000;0,000000;0,000000;0,000000;0,000000;0,000000;0,000000;0,000000
dt0ms0;0,000000;0,000000;0,000000;0,000000;0,000000;0,000000;0,000000;0,000000;0,000000;0,000000;0,000000;0,000000;0,006927;0,000000;0,000000;0,006386;0,006056;0,000000;0,000000;0,000000;0,000000;0,000000;0,000000;0,000000;0,000000;0,000000;0,000000;0,000000;0,000000;0,000000;0,000000;0,006617;0,000000;0,000000;0,000000;0,000000;0,006832;0,000000
pt000;0,000000;0,000000;0,000000;0,000000;0,006049;0,005403;0,007109;0,008538;0,006499;0,000000;0,000000;0,000000;0,000000;0,000000;0,000000;0,000000;0,000000;0,000000;0,000000;0,000000;0,000000;0,000000;0,000000;0,000000;0,000000;0,000000;0,000000;0,000000;0,000000;0,000000;0,000000;0,000000;0,000000;0,000000;0,000000;0,000000;0,000000;0,000000
vais3s0;0,000000;0,000000;0,000000;0,000000;0,000000;0,000000;0,007109;0,000000;0,000000;0,000000;0,006344;0,000000;0,013854;0,000000;0,000000;0,000000;0,000000;0,000000;0,000000;0,000000;0,000000;0,000000;0,000000;0,000000;0,006809;0,000000;0,000000;0,000000;0,000000;0,000000;0,000000;0,000000;0,000000;0,000000;0,000000;0,000000;0,000000;0,000000
vais1s0;0,000000;0,000000;0,000000;0,000000;0,000000;0,000000;0,000000;0,000000;0,000000;0,000000;0,000000;0,000000;0,000000;0,000000;0,000000;0,000000;0,000000;0,000000;0,000000;0,000000;0,000000;0,000000;0,000000;0,005764;0,000000;0,000000;0,000000;0,007270;0,000000;0,000000;0,006890;0,006617;0,000000;0,006171;0,000000;0,000000;0,000000;0,000000
vasp2p0;0,006685;0,000000;0,000000;0,006104;0,000000;0,005403;0,000000;0,000000;0,000000;0,000000;0,000000;0,000000;0,000000;0,000000;0,000000;0,006386;0,000000;0,000000;0,000000;0,000000;0,000000;0,000000;0,000000;0,000000;0,000000;0,000000;0,000000;0,007270;0,000000;0,000000;0,000000;0,000000;0,000000;0,000000;0,000000;0,000000;0,000000;0,000000
vssresp0;0,000000;0,000000;0,000000;0,012207;0,000000;0,000000;0,000000;0,000000;0,000000;0,000000;0,000000;0,000000;0,000000;0,006510;0,000000;0,006386;0,006056;0,000000;0,000000;0,000000;0,000000;0,000000;0,000000;0,000000;0,000000;0,000000;0,000000;0,000000;0,000000;0,000000;0,000000;0,000000;0,000000;0,000000;0,000000;0,000000;0,000000;0,000000
aqsmp00;0,000000;0,000000;0,000000;0,000000;0,006049;0,000000;0,000000;0,008538;0,000000;0,000000;0,000000;0,000000;0,000000;0,000000;0,000000;0,006386;0,000000;0,000000;0,000000;0,000000;0,006257;0,000000;0,000000;0,000000;0,000000;0,000000;0,000000;0,000000;0,000000;0,000000;0,000000;0,000000;0,000000;0,000000;0,000000;0,000000;0,000000;0,000000
pe00000;0,006685;0,000000;0,000000;0,000000;0,000000;0,005403;0,000000;0,000000;0,000000;0,000000;0,000000;0,000000;0,000000;0,000000;0,000000;0,000000;0,000000;0,000000;0,000000;0,000000;0,000000;0,006787;0,000000;0,000000;0,000000;0,000000;0,000000;0,000000;0,000000;0,000000;0,006890;0,000000;0,000000;0,000000;0,000000;0,000000;0,000000;0,000000
vssoss0;0,000000;0,000000;0,000000;0,000000;0,000000;0,005403;0,000000;0,000000;0,000000;0,000000;0,000000;0,000000;0,006927;0,000000;0,000000;0,000000;0,000000;0,000000;0,000000;0,000000;0,000000;0,000000;0,000000;0,005764;0,000000;0,000000;0,000000;0,000000;0,000000;0,000000;0,000000;0,000000;0,006172;0,000000;0,000000;0,000000;0,000000;0,000000
pe0cs00;0,000000;0,000000;0,000000;0,000000;0,000000;0,000000;0,000000;0,000000;0,000000;0,000000;0,000000;0,000000;0,000000;0,000000;0,000000;0,000000;0,000000;0,000000;0,000000;0,000000;0,000000;0,006787;0,000000;0,005764;0,000000;0,000000;0,000000;0,000000;0,000000;0,000000;0,000000;0,000000;0,000000;0,000000;0,000000;0,000000;0,000000;0,006521
vais1p0;0,000000;0,000000;0,000000;0,006104;0,000000;0,000000;0,000000;0,000000;0,006499;0,000000;0,000000;0,000000;0,000000;0,000000;0,000000;0,000000;0,000000;0,000000;0,000000;0,000000;0,000000;0,000000;0,000000;0,000000;0,000000;0,000000;0,000000;0,000000;0,000000;0,000000;0,006890;0,000000;0,000000;0,000000;0,000000;0,000000;0,000000;0,000000
vasf1s0;0,000000;0,000000;0,000000;0,000000;0,000000;0,000000;0,000000;0,000000;0,000000;0,000000;0,000000;0,000000;0,000000;0,000000;0,000000;0,000000;0,012112;0,000000;0,000000;0,000000;0,000000;0,000000;0,000000;0,000000;0,000000;0,000000;0,000000;0,000000;0,000000;0,000000;0,006890;0,000000;0,000000;0,000000;0,000000;0,000000;0,000000;0,000000
vsic2s0;0,000000;0,000000;0,000000;0,000000;0,000000;0,000000;0,000000;0,000000;0,006499;0,000000;0,000000;0,000000;0,000000;0,000000;0,000000;0,000000;0,000000;0,000000;0,000000;0,006303;0,000000;0,000000;0,000000;0,005764;0,000000;0,000000;0,000000;0,000000;0,000000;0,000000;0,000000;0,000000;0,000000;0,000000;0,000000;0,000000;0,000000;0,000000
vsm02p0;0,000000;0,000000;0,000000;0,000000;0,000000;0,000000;0,000000;0,000000;0,000000;0,000000;0,000000;0,000000;0,000000;0,000000;0,000000;0,000000;0,000000;0,000000;0,000000;0,000000;0,006257;0,000000;0,000000;0,000000;0,000000;0,000000;0,000000;0,000000;0,000000;0,000000;0,000000;0,000000;0,000000;0,000000;0,006420;0,005919;0,000000;0,000000
aqvmp00;0,000000;0,000000;0,000000;0,006104;0,000000;0,000000;0,000000;0,000000;0,000000;0,000000;0,000000;0,000000;0,000000;0,000000;0,000000;0,000000;0,000000;0,000000;0,000000;0,000000;0,000000;0,000000;0,000000;0,000000;0,000000;0,000000;0,000000;0,000000;0,000000;0,000000;0,006890;0,000000;0,000000;0,000000;0,000000;0,000000;0,000000;0,000000
de0cp0;0,000000;0,000000;0,000000;0,000000;0,000000;0,000000;0,000000;0,000000;0,000000;0,000000;0,000000;0,000000;0,000000;0,000000;0,000000;0,000000;0,006056;0,000000;0,000000;0,000000;0,000000;0,000000;0,000000;0,000000;0,000000;0,000000;0,000000;0,000000;0,000000;0,000000;0,006890;0,000000;0,000000;0,000000;0,000000;0,000000;0,000000;0,000000
vaif1p0;0,000000;0,000000;0,000000;0,000000;0,000000;0,005403;0,000000;0,000000;0,000000;0,000000;0,000000;0,000000;0,000000;0,000000;0,000000;0,000000;0,006056;0,000000;0,000000;0,000000;0,000000;0,000000;0,000000;0,000000;0,000000;0,000000;0,000000;0,000000;0,000000;0,000000;0,000000;0,000000;0,000000;0,000000;0,000000;0,000000;0,000000;0,000000
vaif1s0;0,000000;0,000000;0,007175;0,000000;0,000000;0,000000;0,000000;0,000000;0,000000;0,000000;0,000000;0,000000;0,000000;0,000000;0,000000;0,000000;0,000000;0,000000;0,000000;0,000000;0,000000;0,000000;0,000000;0,000000;0,000000;0,000000;0,000000;0,007270;0,000000;0,000000;0,000000;0,000000;0,000000;0,000000;0,000000;0,000000;0,000000;0,000000
vam02s0;0,000000;0,000000;0,000000;0,000000;0,000000;0,000000;0,000000;0,000000;0,000000;0,000000;0,000000;0,000000;0,000000;0,000000;0,000000;0,000000;0,000000;0,000000;0,000000;0,000000;0,000000;0,000000;0,000000;0,000000;0,000000;0,006535;0,000000;0,000000;0,000000;0,008470;0,000000;0,000000;0,000000;0,000000;0,000000;0,000000;0,000000;0,000000
vsic3p0;0,000000;0,000000;0,000000;0,000000;0,000000;0,000000;0,000000;0,000000;0,000000;0,000000;0,000000;0,000000;0,000000;0,000000;0,000000;0,000000;0,000000;0,000000;0,006611;0,000000;0,000000;0,000000;0,000000;0,000000;0,000000;0,000000;0,000000;0,000000;0,000000;0,000000;0,000000;0,000000;0,000000;0,000000;0,000000;0,000000;0,000000;0,006521
vsis2p0;0,000000;0,000000;0,000000;0,000000;0,000000;0,005403;0,000000;0,000000;0,000000;0,000000;0,000000;0,000000;0,000000;0,000000;0,007520;0,000000;0,000000;0,000000;0,000000;0,000000;0,000000;0,000000;0,000000;0,000000;0,000000;0,000000;0,000000;0,000000;0,000000;0,000000;0,000000;0,000000;0,000000;0,000000;0,000000;0,000000;0,000000;0,000000
vssi1p0;0,000000;0,000000;0,000000;0,000000;0,000000;0,000000;0,000000;0,000000;0,000000;0,000000;0,000000;0,000000;0,000000;0,000000;0,000000;0,000000;0,000000;0,006226;0,000000;0,000000;0,000000;0,000000;0,000000;0,000000;0,000000;0,000000;0,000000;0,000000;0,000000;0,000000;0,000000;0,000000;0,000000;0,000000;0,000000;0,005919;0,000000;0,000000
nc00000;0,000000;0,000000;0,000000;0,000000;0,000000;0,000000;0,000000;0,000000;0,000000;0,000000;0,000000;0,000000;0,000000;0,000000;0,000000;0,000000;0,000000;0,000000;0,000000;0,000000;0,000000;0,000000;0,000000;0,000000;0,000000;0,000000;0,000000;0,000000;0,000000;0,008470;0,000000;0,000000;0,000000;0,000000;0,000000;0,000000;0,000000;0,000000
vais2s0;0,000000;0,000000;0,000000;0,000000;0,000000;0,000000;0,000000;0,000000;0,000000;0,005669;0,000000;0,000000;0,000000;0,000000;0,000000;0,000000;0,000000;0,000000;0,000000;0,000000;0,000000;0,000000;0,000000;0,000000;0,000000;0,000000;0,000000;0,000000;0,000000;0,000000;0,000000;0,000000;0,000000;0,000000;0,000000;0,000000;0,000000;0,000000
vais3p0;0,000000;0,000000;0,000000;0,000000;0,000000;0,000000;0,000000;0,000000;0,000000;0,000000;0,000000;0,000000;0,000000;0,000000;0,000000;0,000000;0,000000;0,000000;0,000000;0,000000;0,000000;0,000000;0,000000;0,000000;0,000000;0,000000;0,000000;0,000000;0,007055;0,000000;0,000000;0,000000;0,000000;0,000000;0,000000;0,000000;0,000000;0,000000
vasi2p0;0,000000;0,000000;0,000000;0,000000;0,000000;0,005403;0,000000;0,000000;0,000000;0,000000;0,000000;0,000000;0,000000;0,000000;0,000000;0,000000;0,000000;0,000000;0,000000;0,000000;0,000000;0,000000;0,000000;0,000000;0,000000;0,000000;0,000000;0,000000;0,000000;0,000000;0,000000;0,000000;0,000000;0,000000;0,000000;0,000000;0,000000;0,000000
vasi1p0;0,000000;0,000000;0,000000;0,000000;0,000000;0,000000;0,000000;0,000000;0,006499;0,000000;0,000000;0,000000;0,000000;0,000000;0,000000;0,000000;0,000000;0,000000;0,000000;0,000000;0,000000;0,000000;0,000000;0,000000;0,000000;0,000000;0,000000;0,000000;0,000000;0,000000;0,000000;0,000000;0,000000;0,000000;0,000000;0,000000;0,000000;0,000000
vasp1p0;0,000000;0,000000;0,000000;0,000000;0,000000;0,000000;0,000000;0,000000;0,000000;0,000000;0,000000;0,000000;0,000000;0,000000;0,000000;0,000000;0,006056;0,000000;0,000000;0,000000;0,000000;0,000000;0,000000;0,000000;0,000000;0,000000;0,000000;0,000000;0,000000;0,000000;0,000000;0,000000;0,000000;0,000000;0,000000;0,000000;0,000000;0,000000
vmsi2p0;0,000000;0,000000;0,000000;0,000000;0,000000;0,000000;0,000000;0,000000;0,000000;0,000000;0,000000;0,000000;0,000000;0,000000;0,000000;0,000000;0,000000;0,006226;0,000000;0,000000;0,000000;0,000000;0,000000;0,000000;0,000000;0,000000;0,000000;0,000000;0,000000;0,000000;0,000000;0,000000;0,000000;0,000000;0,000000;0,000000;0,000000;0,000000
vmsosp0;0,000000;0,000000;0,000000;0,000000;0,000000;0,000000;0,000000;0,000000;0,000000;0,000000;0,000000;0,000000;0,000000;0,000000;0,000000;0,000000;0,000000;0,000000;0,000000;0,000000;0,000000;0,000000;0,000000;0,000000;0,000000;0,000000;0,000000;0,007270;0,000000;0,000000;0,000000;0,000000;0,000000;0,000000;0,000000;0,000000;0,000000;0,000000
vsii1p0;0,000000;0,000000;0,000000;0,000000;0,000000;0,000000;0,000000;0,000000;0,000000;0,000000;0,000000;0,000000;0,000000;0,000000;0,000000;0,000000;0,000000;0,000000;0,000000;0,000000;0,000000;0,000000;0,000000;0,000000;0,000000;0,000000;0,000000;0,000000;0,000000;0,000000;0,000000;0,000000;0,000000;0,000000;0,000000;0,000000;0,000000;0,006521